column_a,track_uri,danceability,energy,key,loudness,mode,speechiness,acousticness,instrumentalness,liveness,valence,tempo,duration_ms,time_signature,key_mode,playlist_name,playlist_img,track_name,artist_name,album_name,album_img,key_frequency,tsne_x,tsne_y,umap_x,umap_y
1,00IqwkT0PZhJ86PJajRCqk,0.195,0.348,A#,-10.106,major,0.0332,0.82,0.0,0.126,0.262,166.824,213107,3,A# major,new_holiday_songs,https://mosaic.scdn.co/640/5f79f928a45b878579e1fffc9e4aefb362ca53fd939adaa29092810cc1c44965b5a5781e38ee7e65d95f2279ad49512299646dadf9e3e11c09c94c5ee06f3ddadf59ee24504fc02bfe205945807a2437,Silver Bells,Johnny Mathis,Merry Christmas,https://i.scdn.co/image/b878b9e27201163be07e746657280ab24802839e,466.16,-3.4506953,0.43034717,6.306045,6.429415
2,01h424WG38dgY34vkI3Yd0,0.225,0.248,A,-15.871,major,0.0337,0.912,0.000143,0.404,0.19,96.013,183613,4,A major,new_holiday_songs,https://mosaic.scdn.co/640/5f79f928a45b878579e1fffc9e4aefb362ca53fd939adaa29092810cc1c44965b5a5781e38ee7e65d95f2279ad49512299646dadf9e3e11c09c94c5ee06f3ddadf59ee24504fc02bfe205945807a2437,White Christmas,Bing Crosby,White Christmas,https://i.scdn.co/image/3bb0daf5f87a737ce67ace001f240a82094de467,440.0,-5.5557065,3.6998248,7.5369344,5.5847178
3,08BhfyKUXxZrnyHrDavNHP,0.444,0.288,F#,-11.793,major,0.0326,0.911,6.68e-06,0.0987,0.356,108.043,199093,3,F# major,new_holiday_songs,https://mosaic.scdn.co/640/5f79f928a45b878579e1fffc9e4aefb362ca53fd939adaa29092810cc1c44965b5a5781e38ee7e65d95f2279ad49512299646dadf9e3e11c09c94c5ee06f3ddadf59ee24504fc02bfe205945807a2437,The Christmas Waltz,Tony Bennett,A Swingin' Christmas Featuring The Count Basie Big Band,https://i.scdn.co/image/96aa4fb09e7fe9d38599c8d9d475eb6d675e2e87,739.99,-6.476857,4.8051305,7.9326167,5.8667235
4,095XSaT8I2uI6Uldj2QrSl,0.687,0.496,A,-4.708,major,0.0339,0.434,0.00144,0.0613,0.746,97.575,178680,4,A major,new_holiday_songs,https://mosaic.scdn.co/640/5f79f928a45b878579e1fffc9e4aefb362ca53fd939adaa29092810cc1c44965b5a5781e38ee7e65d95f2279ad49512299646dadf9e3e11c09c94c5ee06f3ddadf59ee24504fc02bfe205945807a2437,Stop the Cavalry,Jona Lewie,On The Other Hand There's A Fist (Remastered),https://i.scdn.co/image/50c0ea35cacbf7c5d495c71e0d2e789af97cd2c2,440.0,2.8850834,2.1266477,4.1575704,5.624289
5,09b2gJR45Pyip2rx9CnXW1,0.477,0.841,F#,-5.172,major,0.0358,0.000165,0.0971,0.257,0.571,119.954,203404,4,F# major,new_holiday_songs,https://mosaic.scdn.co/640/5f79f928a45b878579e1fffc9e4aefb362ca53fd939adaa29092810cc1c44965b5a5781e38ee7e65d95f2279ad49512299646dadf9e3e11c09c94c5ee06f3ddadf59ee24504fc02bfe205945807a2437,I Don't Want to Go Home for Christmas,Independent Counsel of Funk,I Don't Want to Go Home for Christmas,https://i.scdn.co/image/77eb7c17cafe55037a1ab279b7d79ad4624e53fa,739.99,2.3019958,-1.3309033,4.4841833,6.5274076
6,0AiQn7Y9SKL7oiD0aMIGUs,0.484,0.598,G,-5.99,major,0.0303,0.455,0.000237,0.251,0.7,166.427,187493,4,G major,new_holiday_songs,https://mosaic.scdn.co/640/5f79f928a45b878579e1fffc9e4aefb362ca53fd939adaa29092810cc1c44965b5a5781e38ee7e65d95f2279ad49512299646dadf9e3e11c09c94c5ee06f3ddadf59ee24504fc02bfe205945807a2437,Baby! It's Christmas,Jessie James Decker,Baby! It's Christmas,https://i.scdn.co/image/496371032d5aa01592e472f20f8a752850cfe2cb,783.99,1.2185819,-1.0693715,4.880805,6.079604
7,0bYg9bo50gSsH3LtXe2SQn,0.335,0.625,G,-7.462,major,0.0386,0.164,0.0,0.0708,0.346,150.277,241107,4,G major,new_holiday_songs,https://mosaic.scdn.co/640/5f79f928a45b878579e1fffc9e4aefb362ca53fd939adaa29092810cc1c44965b5a5781e38ee7e65d95f2279ad49512299646dadf9e3e11c09c94c5ee06f3ddadf59ee24504fc02bfe205945807a2437,All I Want for Christmas Is You,Mariah Carey,Merry Christmas,https://i.scdn.co/image/e06f3ddadf59ee24504fc02bfe205945807a2437,783.99,0.09731091,-1.3540645,5.3399396,6.495137
8,0CykH7AD5TOQeF3G2EbUYl,0.664,0.661,E,-5.718,major,0.0344,0.877,5.26e-06,0.086,0.883,97.301,119640,4,E major,new_holiday_songs,https://mosaic.scdn.co/640/5f79f928a45b878579e1fffc9e4aefb362ca53fd939adaa29092810cc1c44965b5a5781e38ee7e65d95f2279ad49512299646dadf9e3e11c09c94c5ee06f3ddadf59ee24504fc02bfe205945807a2437,Deck the Halls,Mark Vincent,The Most Wonderful Time of the Year,https://i.scdn.co/image/934e7bf2e020571c0887f29cf386a05df621ef96,659.25,1.8813928,3.8323846,4.9738255,4.4906607
9,0di0zKKJ7ZdYcsjeYfAVyR,0.547,0.11,D,-12.918,minor,0.036,0.906,0.00517,0.241,0.311,108.952,157453,3,D minor,new_holiday_songs,https://mosaic.scdn.co/640/5f79f928a45b878579e1fffc9e4aefb362ca53fd939adaa29092810cc1c44965b5a5781e38ee7e65d95f2279ad49512299646dadf9e3e11c09c94c5ee06f3ddadf59ee24504fc02bfe205945807a2437,The Christmas Waltz,She & Him,A Very She & Him Christmas,https://i.scdn.co/image/6f03ddf59e64c24a6f4dbe167aedd3f0861efeb6,587.33,-5.360014,5.0202327,7.5970984,5.4767547
10,0EwuAHdON2ma8UBa7Flpee,0.311,0.664,A,-8.179,major,0.0377,0.186,7.46e-06,0.129,0.356,146.293,157613,4,A major,new_holiday_songs,https://mosaic.scdn.co/640/5f79f928a45b878579e1fffc9e4aefb362ca53fd939adaa29092810cc1c44965b5a5781e38ee7e65d95f2279ad49512299646dadf9e3e11c09c94c5ee06f3ddadf59ee24504fc02bfe205945807a2437,I Saw Mommy Kissing Santa Claus,The Ronettes,A Christmas Gift For You From Phil Spector,https://i.scdn.co/image/df9902b4e29a085db5b3fb511c1e2c78ffe60831,440.0,-1.3008754,-0.31250802,5.4949493,5.614238
11,0fUFpFczhuhJBz2Z28IL2x,0.63,0.757,F,-6.005,major,0.0254,0.00716,0.0,0.348,0.65,106.885,216627,4,F major,new_holiday_songs,https://mosaic.scdn.co/640/5f79f928a45b878579e1fffc9e4aefb362ca53fd939adaa29092810cc1c44965b5a5781e38ee7e65d95f2279ad49512299646dadf9e3e11c09c94c5ee06f3ddadf59ee24504fc02bfe205945807a2437,Last Christmas (Glee Cast Version),Glee Cast,"Glee: The Music, The Christmas Album",https://i.scdn.co/image/df267b94bd85aad9be2957f3e80886c1a72114f6,698.46,2.7348332,-0.9885263,4.335088,6.7132335
12,0G7yGcWqXqqLHlrxU7bFEO,0.659,0.58,G#,-4.351,major,0.0356,0.604,0.0,0.162,0.792,143.712,152045,4,G# major,new_holiday_songs,https://mosaic.scdn.co/640/5f79f928a45b878579e1fffc9e4aefb362ca53fd939adaa29092810cc1c44965b5a5781e38ee7e65d95f2279ad49512299646dadf9e3e11c09c94c5ee06f3ddadf59ee24504fc02bfe205945807a2437,The Man with the Bag,Kellie Pickler,The Man with the Bag,https://i.scdn.co/image/8b6717cfba03f217b062a7e25adf6921840207fe,830.61,1.2950137,0.18196547,4.561992,4.5143886
13,0iVVPWm4An3glF9QnCtM6e,0.529,0.723,F,-8.171,minor,0.0353,0.00109,2.78e-05,0.219,0.708,79.989,229280,4,F minor,new_holiday_songs,https://mosaic.scdn.co/640/5f79f928a45b878579e1fffc9e4aefb362ca53fd939adaa29092810cc1c44965b5a5781e38ee7e65d95f2279ad49512299646dadf9e3e11c09c94c5ee06f3ddadf59ee24504fc02bfe205945807a2437,Underneath the Tree,Kelly Clarkson,Christmas Hits,https://i.scdn.co/image/939adaa29092810cc1c44965b5a5781e38ee7e65,698.46,2.7052557,-0.8884124,4.228194,6.768878
14,0leIhGny91OrU4mjcshsjI,0.551,0.325,C,-13.507,major,0.0286,0.81,0.000112,0.115,0.496,98.932,213160,3,C major,new_holiday_songs,https://mosaic.scdn.co/640/5f79f928a45b878579e1fffc9e4aefb362ca53fd939adaa29092810cc1c44965b5a5781e38ee7e65d95f2279ad49512299646dadf9e3e11c09c94c5ee06f3ddadf59ee24504fc02bfe205945807a2437,Lonely This Christmas,Mud,Let's Have A Party - The Best Of Mud,https://i.scdn.co/image/b1ec4bee82da1c17a428e9dcdcfb801f7b46acdc,523.25,-4.908083,4.8306255,7.2869277,5.282421
15,0lizgQ7Qw35od7CYaoMBZb,0.506,0.628,G,-7.316,major,0.173,0.0545,0.0,0.301,0.556,191.708,204093,4,G major,new_holiday_songs,https://mosaic.scdn.co/640/5f79f928a45b878579e1fffc9e4aefb362ca53fd939adaa29092810cc1c44965b5a5781e38ee7e65d95f2279ad49512299646dadf9e3e11c09c94c5ee06f3ddadf59ee24504fc02bfe205945807a2437,Santa Tell Me,Ariana Grande,Santa Tell Me,https://i.scdn.co/image/ca80da7a2271f0806a977c7c1f6cfa6aa5d7e92b,783.99,3.698622,-4.372398,2.288933,4.306714
16,0lLdorYw7lVrJydTINhWdI,0.35,0.232,E,-11.042,major,0.0331,0.907,9.21e-06,0.292,0.381,93.269,206347,3,E major,new_holiday_songs,https://mosaic.scdn.co/640/5f79f928a45b878579e1fffc9e4aefb362ca53fd939adaa29092810cc1c44965b5a5781e38ee7e65d95f2279ad49512299646dadf9e3e11c09c94c5ee06f3ddadf59ee24504fc02bfe205945807a2437,It's Beginning To Look A Lot Like Christmas,Michael Bublé,Christmas,https://i.scdn.co/image/5f828e84beaefc8c0539ca558f849e8549e8778c,659.25,-6.2852054,4.17199,7.953942,5.7190814
17,0oEBvSzYp0aS7Obdus1RGm,0.437,0.149,E,-18.128,major,0.0394,0.995,0.0896,0.15,0.801,153.921,85253,3,E major,new_holiday_songs,https://mosaic.scdn.co/640/5f79f928a45b878579e1fffc9e4aefb362ca53fd939adaa29092810cc1c44965b5a5781e38ee7e65d95f2279ad49512299646dadf9e3e11c09c94c5ee06f3ddadf59ee24504fc02bfe205945807a2437,Carol of the Bells,John Williams,Christmas Hits,https://i.scdn.co/image/939adaa29092810cc1c44965b5a5781e38ee7e65,659.25,-3.8813708,6.555052,7.0133204,3.9854503
18,0P6xicvZnvVwRCPv3307HM,0.61,0.661,G,-8.343,major,0.105,0.613,0.000269,0.0701,0.652,86.68,198716,4,G major,new_holiday_songs,https://mosaic.scdn.co/640/5f79f928a45b878579e1fffc9e4aefb362ca53fd939adaa29092810cc1c44965b5a5781e38ee7e65d95f2279ad49512299646dadf9e3e11c09c94c5ee06f3ddadf59ee24504fc02bfe205945807a2437,Jingle Bells,Matt Maher,The Advent of Christmas,https://i.scdn.co/image/77eb7c17cafe5503806e28263514bb842a1fa41f,783.99,3.8938375,-5.5547256,2.9015653,3.8139675
19,0Tw7teQT3EBqBRpH9PYb4f,0.44,0.185,D,-13.867,major,0.0395,0.896,1.82e-05,0.0813,0.343,189.246,161320,3,D major,new_holiday_songs,https://mosaic.scdn.co/640/5f79f928a45b878579e1fffc9e4aefb362ca53fd939adaa29092810cc1c44965b5a5781e38ee7e65d95f2279ad49512299646dadf9e3e11c09c94c5ee06f3ddadf59ee24504fc02bfe205945807a2437,Driving Home for Christmas,Lyambiko,My Favourite Christmas Songs,https://i.scdn.co/image/a67e19c3eb418b1b2551f884cedf798c1d602608,587.33,-3.9077854,2.0572402,6.7452145,5.90508
20,0UnbG2g6FMvHXdlzDyufyI,0.607,0.807,G,-5.593,major,0.0472,0.156,0.0,0.241,0.53,151.02,228933,4,G major,new_holiday_songs,https://mosaic.scdn.co/640/5f79f928a45b878579e1fffc9e4aefb362ca53fd939adaa29092810cc1c44965b5a5781e38ee7e65d95f2279ad49512299646dadf9e3e11c09c94c5ee06f3ddadf59ee24504fc02bfe205945807a2437,All I Want for Christmas Is You,Fifth Harmony,I'll Be Home For Christmas,https://i.scdn.co/image/08f834b771ce747e37a70c6fa168375ba42fc5a6,783.99,2.2906601,-1.8240498,4.6839924,6.4127913
21,0wDKteaNLe3xkaFtj6tH5h,0.668,0.843,C,-3.766,major,0.0268,0.169,0.0,0.195,0.702,147.083,255400,4,C major,new_holiday_songs,https://mosaic.scdn.co/640/5f79f928a45b878579e1fffc9e4aefb362ca53fd939adaa29092810cc1c44965b5a5781e38ee7e65d95f2279ad49512299646dadf9e3e11c09c94c5ee06f3ddadf59ee24504fc02bfe205945807a2437,My Only Wish (This Year),Britney Spears,Christmas Hits,https://i.scdn.co/image/939adaa29092810cc1c44965b5a5781e38ee7e65,523.25,3.7311454,-0.5440156,3.6753893,6.6149936
22,0yS8P7DFNEBYQ5yHadM5z0,0.324,0.197,G#,-10.191,major,0.0337,0.801,0.0,0.115,0.338,178.893,227887,3,G# major,new_holiday_songs,https://mosaic.scdn.co/640/5f79f928a45b878579e1fffc9e4aefb362ca53fd939adaa29092810cc1c44965b5a5781e38ee7e65d95f2279ad49512299646dadf9e3e11c09c94c5ee06f3ddadf59ee24504fc02bfe205945807a2437,"Oh Holy Night - Recorded at Metropolis Studios, London",Nina Nesbitt,Spotify Singles - Christmas,https://i.scdn.co/image/3e4288028909fc1bc65af0c3f93f118e4a702fd7,830.61,-4.093623,1.352323,6.7764173,6.131936
23,12YAgUbl6Uk9E7fzopF4Ji,0.487,0.759,C,-8.093,major,0.0408,0.604,0.0,0.185,0.447,122.309,146080,4,C major,new_holiday_songs,https://mosaic.scdn.co/640/5f79f928a45b878579e1fffc9e4aefb362ca53fd939adaa29092810cc1c44965b5a5781e38ee7e65d95f2279ad49512299646dadf9e3e11c09c94c5ee06f3ddadf59ee24504fc02bfe205945807a2437,Winter Wonderland,Darlene Love,A Christmas Gift For You From Phil Spector,https://i.scdn.co/image/df9902b4e29a085db5b3fb511c1e2c78ffe60831,523.25,0.8109639,2.628953,5.450643,5.178864
24,1aoIbIxOlTOgH9nyiJvFPz,0.506,0.86,D,-6.276,major,0.425,0.198,0.0,0.125,0.582,191.511,199547,4,D major,new_holiday_songs,https://mosaic.scdn.co/640/5f79f928a45b878579e1fffc9e4aefb362ca53fd939adaa29092810cc1c44965b5a5781e38ee7e65d95f2279ad49512299646dadf9e3e11c09c94c5ee06f3ddadf59ee24504fc02bfe205945807a2437,Bring Me Love,John Legend,A Legendary Christmas,https://i.scdn.co/image/5f79f928a45b878579e1fffc9e4aefb362ca53fd,587.33,4.8010063,-5.209202,2.3586278,3.9009829
25,1BA3J0DIbO5xKeboPSt1ju,0.519,0.305,C,-9.37,major,0.0371,0.881,0.0,0.12,0.294,72.04,148787,4,C major,new_holiday_songs,https://mosaic.scdn.co/640/5f79f928a45b878579e1fffc9e4aefb362ca53fd939adaa29092810cc1c44965b5a5781e38ee7e65d95f2279ad49512299646dadf9e3e11c09c94c5ee06f3ddadf59ee24504fc02bfe205945807a2437,Another Christmas,Amanda Jenssen,Christmas Cafe,https://i.scdn.co/image/4385b4957d870777959a70f62486fff501f33612,523.25,-5.54593,4.768602,7.772669,5.457986
26,1CBg1D0t4FMLbco3posN7b,0.528,0.772,D,-7.013,major,0.0288,0.403,2.52e-06,0.316,0.852,91.735,181267,4,D major,new_holiday_songs,https://mosaic.scdn.co/640/5f79f928a45b878579e1fffc9e4aefb362ca53fd939adaa29092810cc1c44965b5a5781e38ee7e65d95f2279ad49512299646dadf9e3e11c09c94c5ee06f3ddadf59ee24504fc02bfe205945807a2437,Sleigh Ride,The Ronettes,Christmas Hits,https://i.scdn.co/image/939adaa29092810cc1c44965b5a5781e38ee7e65,587.33,2.9059293,0.41935408,4.096796,6.645334
27,1dtIaSlyrLI04sqYa8nLyN,0.632,0.159,G#,-14.056,major,0.0492,0.883,0.0,0.222,0.644,142.11,186733,4,G# major,new_holiday_songs,https://mosaic.scdn.co/640/5f79f928a45b878579e1fffc9e4aefb362ca53fd939adaa29092810cc1c44965b5a5781e38ee7e65d95f2279ad49512299646dadf9e3e11c09c94c5ee06f3ddadf59ee24504fc02bfe205945807a2437,Rudolph the Red-Nosed Reindeer,Gene Autry,Rudolph The Red Nosed Reindeer And Other Christmas Classics,https://i.scdn.co/image/d09a8a207f9d89db5f6a73d1331aeaa20c9fabbc,830.61,-4.2501106,7.4942017,7.1820397,3.4942708
28,1e0z8zk4AyhKxeg13zV3lh,0.617,0.512,F#,-5.116,major,0.0266,0.194,0.0,0.115,0.347,111.932,102960,4,F# major,new_holiday_songs,https://mosaic.scdn.co/640/5f79f928a45b878579e1fffc9e4aefb362ca53fd939adaa29092810cc1c44965b5a5781e38ee7e65d95f2279ad49512299646dadf9e3e11c09c94c5ee06f3ddadf59ee24504fc02bfe205945807a2437,White Christmas,Destiny's Child,8 Days Of Christmas,https://i.scdn.co/image/6ae1415fa9900695bfe434e451b57be8d1e7c822,739.99,1.5233067,1.2454892,4.2427487,4.738914
29,1f2lkuLldqRzvaFjJdjGXX,0.548,0.75,G,-7.984,major,0.0398,0.209,0.0,0.698,0.419,143.109,204173,4,G major,new_holiday_songs,https://mosaic.scdn.co/640/5f79f928a45b878579e1fffc9e4aefb362ca53fd939adaa29092810cc1c44965b5a5781e38ee7e65d95f2279ad49512299646dadf9e3e11c09c94c5ee06f3ddadf59ee24504fc02bfe205945807a2437,Santa Claus Is Comin' to Town,Mariah Carey,Merry Christmas,https://i.scdn.co/image/e06f3ddadf59ee24504fc02bfe205945807a2437,783.99,0.4679608,-3.6383612,4.267397,7.5946136
30,1jc5ttAAqSlzN6XnInuUXm,0.758,0.711,A,-10.483,major,0.0268,0.158,0.0,0.0825,0.961,101.806,223773,4,A major,new_holiday_songs,https://mosaic.scdn.co/640/5f79f928a45b878579e1fffc9e4aefb362ca53fd939adaa29092810cc1c44965b5a5781e38ee7e65d95f2279ad49512299646dadf9e3e11c09c94c5ee06f3ddadf59ee24504fc02bfe205945807a2437,Merry Christmas Everyone,Shakin' Stevens,Christmas Hits,https://i.scdn.co/image/939adaa29092810cc1c44965b5a5781e38ee7e65,440.0,3.8017423,1.1415974,3.7541735,6.3137255
31,1kCMRwtyaXZRWhe2scYcBL,0.641,0.794,B,-4.906,major,0.0369,0.497,0.0,0.329,0.767,112.994,239600,4,B major,new_holiday_songs,https://mosaic.scdn.co/640/5f79f928a45b878579e1fffc9e4aefb362ca53fd939adaa29092810cc1c44965b5a5781e38ee7e65d95f2279ad49512299646dadf9e3e11c09c94c5ee06f3ddadf59ee24504fc02bfe205945807a2437,One More Sleep,Leona Lewis,Christmas Hits,https://i.scdn.co/image/939adaa29092810cc1c44965b5a5781e38ee7e65,493.88,3.2948077,0.13037015,3.8902845,6.8387036
32,1l2CvcIAL1MtPbtZhh0Z77,0.359,0.15,C#,-15.745,major,0.041,0.844,1.15e-06,0.108,0.204,139.208,188933,4,C# major,new_holiday_songs,https://mosaic.scdn.co/640/5f79f928a45b878579e1fffc9e4aefb362ca53fd939adaa29092810cc1c44965b5a5781e38ee7e65d95f2279ad49512299646dadf9e3e11c09c94c5ee06f3ddadf59ee24504fc02bfe205945807a2437,The Christmas Song (Merry Christmas To You),Nat King Cole,Christmas Number 1's,https://i.scdn.co/image/90d80f5a0261f942a655b768c41bdbe67fbd6377,554.37,-4.8694024,3.052747,7.150384,5.6046715
33,1lXmhrsTDe9QT7G5QYEnLr,0.388,0.321,F#,-10.216,major,0.0274,0.379,3.52e-06,0.108,0.223,100.072,215920,3,F# major,new_holiday_songs,https://mosaic.scdn.co/640/5f79f928a45b878579e1fffc9e4aefb362ca53fd939adaa29092810cc1c44965b5a5781e38ee7e65d95f2279ad49512299646dadf9e3e11c09c94c5ee06f3ddadf59ee24504fc02bfe205945807a2437,Away In a Manger,Casting Crowns,Peace On Earth,https://i.scdn.co/image/a7a90e08d4377defa9fc5ee4b346f11bcc3e57dd,739.99,-7.817125,2.9023442,8.075666,6.5449896
34,1mH6tZC6iXIHPI6EixCwxw,0.383,0.914,A,-6.43,major,0.0515,0.00422,1.4e-05,0.444,0.528,139.955,278947,4,A major,new_holiday_songs,https://mosaic.scdn.co/640/5f79f928a45b878579e1fffc9e4aefb362ca53fd939adaa29092810cc1c44965b5a5781e38ee7e65d95f2279ad49512299646dadf9e3e11c09c94c5ee06f3ddadf59ee24504fc02bfe205945807a2437,I Wish It Could Be Christmas Everyday,Wizzard,I Wish It Could Be Christmas Everyday,https://i.scdn.co/image/a9a6d16f818ff91fa4ca8cbbaa35abd47c94a5b4,440.0,-0.1967815,-2.8258886,4.595201,7.433209
35,1qUNMljTcCUraMU82IU7aN,0.714,0.295,C,-12.652,major,0.0347,0.834,0.000192,0.135,0.532,131.566,195173,4,C major,new_holiday_songs,https://mosaic.scdn.co/640/5f79f928a45b878579e1fffc9e4aefb362ca53fd939adaa29092810cc1c44965b5a5781e38ee7e65d95f2279ad49512299646dadf9e3e11c09c94c5ee06f3ddadf59ee24504fc02bfe205945807a2437,Silver Bells,Tony Bennett,The Classic Christmas Album,https://i.scdn.co/image/9d541ea10ce9b2a04f1c9b6daa1614ea85481d5d,523.25,-4.6799517,5.9378185,6.903878,5.1660447
36,1sFWEpf1aPYN576LS1aa4Y,0.17,0.362,A#,-11.673,major,0.0347,0.812,0.0,0.113,0.244,176.849,219293,3,A# major,new_holiday_songs,https://mosaic.scdn.co/640/5f79f928a45b878579e1fffc9e4aefb362ca53fd939adaa29092810cc1c44965b5a5781e38ee7e65d95f2279ad49512299646dadf9e3e11c09c94c5ee06f3ddadf59ee24504fc02bfe205945807a2437,Silent Night,Mariah Carey,Merry Christmas,https://i.scdn.co/image/e06f3ddadf59ee24504fc02bfe205945807a2437,466.16,-3.5693517,0.2684178,6.2194366,6.339726
37,1Udy17gjGeZPNdmmcLjl7L,0.363,0.205,F,-9.301,major,0.0271,0.916,1.6e-06,0.105,0.18,82.932,141240,4,F major,new_holiday_songs,https://mosaic.scdn.co/640/5f79f928a45b878579e1fffc9e4aefb362ca53fd939adaa29092810cc1c44965b5a5781e38ee7e65d95f2279ad49512299646dadf9e3e11c09c94c5ee06f3ddadf59ee24504fc02bfe205945807a2437,Real Love,Tom Odell,Real Love,https://i.scdn.co/image/8200f7371b682235b91958a96da4c1d549322827,698.46,-6.760267,4.3623314,7.990441,5.9173317
38,1UebLMXVLAaAYoFXxegCIP,0.574,0.536,B,-7.291,major,0.0323,0.311,0.0,0.222,0.158,118.199,241280,4,B major,new_holiday_songs,https://mosaic.scdn.co/640/5f79f928a45b878579e1fffc9e4aefb362ca53fd939adaa29092810cc1c44965b5a5781e38ee7e65d95f2279ad49512299646dadf9e3e11c09c94c5ee06f3ddadf59ee24504fc02bfe205945807a2437,The Star,Mariah Carey,The Star,https://i.scdn.co/image/fa44b1710dc05f20b0af4706ec642ad65d6a48a7,493.88,-4.1887684,-3.1742218,5.8095093,7.5688715
39,1Ym1qNUYEdETwST2NZDXA7,0.675,0.877,C#,-4.508,minor,0.0373,0.00974,0.0,0.333,0.67,128.018,194360,4,C# minor,new_holiday_songs,https://mosaic.scdn.co/640/5f79f928a45b878579e1fffc9e4aefb362ca53fd939adaa29092810cc1c44965b5a5781e38ee7e65d95f2279ad49512299646dadf9e3e11c09c94c5ee06f3ddadf59ee24504fc02bfe205945807a2437,Wrap Me Up Under the Christmas Tree,A Great Big World,Wrap Me Up Under the Christmas Tree,https://i.scdn.co/image/5bc052e72f5c0ffe8b9552b5ac3bc382d10029f2,554.37,3.6379251,-0.3297176,3.835904,6.8020005
40,1Zrt3eIobdcn7fJ0i1kjzW,0.52,0.271,G#,-9.806,major,0.0299,0.618,0.0,0.109,0.509,110.789,166547,4,G# major,new_holiday_songs,https://mosaic.scdn.co/640/5f79f928a45b878579e1fffc9e4aefb362ca53fd939adaa29092810cc1c44965b5a5781e38ee7e65d95f2279ad49512299646dadf9e3e11c09c94c5ee06f3ddadf59ee24504fc02bfe205945807a2437,"Baby, It's Cold Outside (Glee Cast Version) (feat. Darren Criss)",Glee Cast,Christmas Hits,https://i.scdn.co/image/939adaa29092810cc1c44965b5a5781e38ee7e65,830.61,-6.320302,6.272087,8.262724,5.616141
41,20LrBAifyvdgXvh3Zah6KF,0.476,0.449,G,-7.474,major,0.0452,0.331,0.0,0.117,0.515,182.905,176680,3,G major,new_holiday_songs,https://mosaic.scdn.co/640/5f79f928a45b878579e1fffc9e4aefb362ca53fd939adaa29092810cc1c44965b5a5781e38ee7e65d95f2279ad49512299646dadf9e3e11c09c94c5ee06f3ddadf59ee24504fc02bfe205945807a2437,Please Come Home For Christmas,Anthony Hamilton,Home For The Holidays,https://i.scdn.co/image/63af03efdbd1180fe298726fe9f670ec582ab1dd,783.99,0.64640415,-0.90857774,5.071819,6.0060973
42,23zpbHaZGv6yHaT88QlxTd,0.81,0.486,B,-13.442,minor,0.265,0.00281,6.26e-05,0.0949,0.614,95.166,178107,4,B minor,new_holiday_songs,https://mosaic.scdn.co/640/5f79f928a45b878579e1fffc9e4aefb362ca53fd939adaa29092810cc1c44965b5a5781e38ee7e65d95f2279ad49512299646dadf9e3e11c09c94c5ee06f3ddadf59ee24504fc02bfe205945807a2437,Christmas In Hollis,Run–D.M.C.,Christmas Hits,https://i.scdn.co/image/939adaa29092810cc1c44965b5a5781e38ee7e65,493.88,5.258383,-5.6636286,2.293844,3.7048442
43,25xgW0go6n2VEyiTclAkBK,0.764,0.162,F,-10.16,major,0.0488,0.811,0.0,0.121,0.663,148.142,130520,4,F major,new_holiday_songs,https://mosaic.scdn.co/640/5f79f928a45b878579e1fffc9e4aefb362ca53fd939adaa29092810cc1c44965b5a5781e38ee7e65d95f2279ad49512299646dadf9e3e11c09c94c5ee06f3ddadf59ee24504fc02bfe205945807a2437,Frosty the Snowman,Fiona Apple,I'll Be Home For Christmas,https://i.scdn.co/image/08f834b771ce747e37a70c6fa168375ba42fc5a6,698.46,-3.1197073,8.136976,6.7521896,3.553039
44,299lFlaAsNQdgbIZNPmIA0,0.388,0.145,A,-19.697,minor,0.0318,0.978,6.86e-06,0.0997,0.0911,75.474,166387,3,A minor,new_holiday_songs,https://mosaic.scdn.co/640/5f79f928a45b878579e1fffc9e4aefb362ca53fd939adaa29092810cc1c44965b5a5781e38ee7e65d95f2279ad49512299646dadf9e3e11c09c94c5ee06f3ddadf59ee24504fc02bfe205945807a2437,Christmas Time Is Here - Vocal,Vince Guaraldi Trio,A Charlie Brown Christmas [2012 Remastered & Expanded Edition],https://i.scdn.co/image/9b0dc1ddae0f29dd4f314629e0450ca2f77365ed,440.0,-4.8515205,3.9695747,7.4973893,5.033941
45,2BuodTguympeX1JrAxZ8HN,0.155,0.287,F,-11.444,minor,0.0321,0.941,0.0229,0.201,0.127,92.366,144747,4,F minor,new_holiday_songs,https://mosaic.scdn.co/640/5f79f928a45b878579e1fffc9e4aefb362ca53fd939adaa29092810cc1c44965b5a5781e38ee7e65d95f2279ad49512299646dadf9e3e11c09c94c5ee06f3ddadf59ee24504fc02bfe205945807a2437,I'll Be Home for Christmas,Doris Day,Christmas Hits,https://i.scdn.co/image/939adaa29092810cc1c44965b5a5781e38ee7e65,698.46,-6.5716157,3.576056,7.784017,5.7745447
46,2fUcw8H81f2XJqRfqWYW93,0.272,0.45,G#,-6.495,major,0.0309,0.329,0.0,0.0758,0.331,79.092,188145,4,G# major,new_holiday_songs,https://mosaic.scdn.co/640/5f79f928a45b878579e1fffc9e4aefb362ca53fd939adaa29092810cc1c44965b5a5781e38ee7e65d95f2279ad49512299646dadf9e3e11c09c94c5ee06f3ddadf59ee24504fc02bfe205945807a2437,Holidays Are Coming (from the Coca-Cola Campaign) (feat. Camélia Jordana & Namika),The Kingdom Choir,Holidays Are Coming (from the Coca-Cola Campaign) (feat. Camélia Jordana & Namika),https://i.scdn.co/image/443c29d8b1c98160c39694bf981a64d1cbd10223,830.61,-8.299913,2.5806139,8.121581,6.6756716
47,2hON3z0PTxwx9u4zzEyFRo,0.619,0.399,C,-13.504,major,0.0473,0.798,0.000529,0.138,0.961,94.36,113333,4,C major,new_holiday_songs,https://mosaic.scdn.co/640/5f79f928a45b878579e1fffc9e4aefb362ca53fd939adaa29092810cc1c44965b5a5781e38ee7e65d95f2279ad49512299646dadf9e3e11c09c94c5ee06f3ddadf59ee24504fc02bfe205945807a2437,Santa Bring My Baby Back (To Me),Elvis Presley,Elvis' Christmas Album,https://i.scdn.co/image/d8ec333974abb5987719025a55a7395a22becb79,523.25,-0.03701633,5.3778234,5.8136473,4.126587
48,2kZ4jU6mSc6n4iM5T2kpfh,0.484,0.191,G,-9.642,major,0.0294,0.886,0.0,0.18,0.146,110.183,193387,4,G major,new_holiday_songs,https://mosaic.scdn.co/640/5f79f928a45b878579e1fffc9e4aefb362ca53fd939adaa29092810cc1c44965b5a5781e38ee7e65d95f2279ad49512299646dadf9e3e11c09c94c5ee06f3ddadf59ee24504fc02bfe205945807a2437,Half the World Away,OT,Half the World Away,https://i.scdn.co/image/04265f6960f6050006d080b50f4c90acce9a12cd,783.99,-7.178529,4.0460687,8.103477,6.061397
49,2osywe1cJ8mwmAYa25wN7X,0.638,0.291,G#,-17.458,major,0.0516,0.819,3.48e-05,0.242,0.488,110.579,134640,4,G# major,new_holiday_songs,https://mosaic.scdn.co/640/5f79f928a45b878579e1fffc9e4aefb362ca53fd939adaa29092810cc1c44965b5a5781e38ee7e65d95f2279ad49512299646dadf9e3e11c09c94c5ee06f3ddadf59ee24504fc02bfe205945807a2437,It's Beginning to Look a Lot Like Christmas,Johnny Mathis,The Christmas Music Of Johnny Mathis: A Personal Collection,https://i.scdn.co/image/b78a4878bd10a71672b7ff578b7e5ab9b4de9c16,830.61,-3.8336983,7.111056,7.23347,3.609937
50,2PtKui5SZQf4KtAGiEJh7B,0.842,0.448,C#,-8.616,major,0.0336,0.803,0.0,0.175,0.977,96.63,151413,4,C# major,new_holiday_songs,https://mosaic.scdn.co/640/5f79f928a45b878579e1fffc9e4aefb362ca53fd939adaa29092810cc1c44965b5a5781e38ee7e65d95f2279ad49512299646dadf9e3e11c09c94c5ee06f3ddadf59ee24504fc02bfe205945807a2437,Here Comes Santa Claus (Right Down Santa Claus Lane),Gene Autry,Christmas Hits,https://i.scdn.co/image/939adaa29092810cc1c44965b5a5781e38ee7e65,554.37,1.3368115,4.8865776,5.4527764,4.259596
51,2S96r2pepRxVn0bw74dcZn,0.618,0.716,E,-7.463,major,0.0301,0.758,0.922,0.0896,0.494,145.98,212333,3,E major,new_holiday_songs,https://mosaic.scdn.co/640/5f79f928a45b878579e1fffc9e4aefb362ca53fd939adaa29092810cc1c44965b5a5781e38ee7e65d95f2279ad49512299646dadf9e3e11c09c94c5ee06f3ddadf59ee24504fc02bfe205945807a2437,Angels We Have Heard on High,The Piano Guys,A Family Christmas,https://i.scdn.co/image/3714246cfc8234089e21f1be99a4c842ca64dc1d,659.25,-1.2596475,1.7069936,8.12289,4.3598347
52,2snThw2Vm8oCwfdsF9RZzg,0.356,0.704,D,-4.024,major,0.0358,0.475,0.0,0.0934,0.652,67.07,151067,4,D major,new_holiday_songs,https://mosaic.scdn.co/640/5f79f928a45b878579e1fffc9e4aefb362ca53fd939adaa29092810cc1c44965b5a5781e38ee7e65d95f2279ad49512299646dadf9e3e11c09c94c5ee06f3ddadf59ee24504fc02bfe205945807a2437,It's the Most Wonderful Time of the Year,David Campbell,Baby It's Christmas,https://i.scdn.co/image/32ab12092bbb727207fe3bac12c23fa202eefe86,587.33,3.8273578,2.9373753,4.5310183,5.2955117
53,2TMwa7JqgnTxo6koLACzjh,0.564,0.25,C,-16.092,major,0.0301,0.788,0.000206,0.0643,0.157,132.015,231782,4,C major,new_holiday_songs,https://mosaic.scdn.co/640/5f79f928a45b878579e1fffc9e4aefb362ca53fd939adaa29092810cc1c44965b5a5781e38ee7e65d95f2279ad49512299646dadf9e3e11c09c94c5ee06f3ddadf59ee24504fc02bfe205945807a2437,Sana Ngayong Pasko,Ariel Rivera,Paskong Walang Katulad,https://i.scdn.co/image/8e2b02c7cf300b4ea01c5cf2fe44c9c62921eda2,523.25,-4.485448,3.179967,7.149761,5.4832673
54,2v2EYR4AYGeup25aJHnwQc,0.3,0.306,G#,-11.865,major,0.0303,0.898,0.0,0.211,0.579,95.644,143107,3,G# major,new_holiday_songs,https://mosaic.scdn.co/640/5f79f928a45b878579e1fffc9e4aefb362ca53fd939adaa29092810cc1c44965b5a5781e38ee7e65d95f2279ad49512299646dadf9e3e11c09c94c5ee06f3ddadf59ee24504fc02bfe205945807a2437,Silver Bells,Dean Martin,Christmas Hits,https://i.scdn.co/image/939adaa29092810cc1c44965b5a5781e38ee7e65,830.61,-6.776057,5.4936304,8.146164,5.545678
55,2wYGLfP09MvR5p2FJEEuIi,0.576,0.871,B,-5.514,major,0.042,0.0109,0.0,0.179,0.679,113.65,182600,4,B major,new_holiday_songs,https://mosaic.scdn.co/640/5f79f928a45b878579e1fffc9e4aefb362ca53fd939adaa29092810cc1c44965b5a5781e38ee7e65d95f2279ad49512299646dadf9e3e11c09c94c5ee06f3ddadf59ee24504fc02bfe205945807a2437,Joy to the World,Aretha Franklin,Christmas Hits,https://i.scdn.co/image/939adaa29092810cc1c44965b5a5781e38ee7e65,493.88,4.2656665,0.42314276,3.69552,6.172087
56,32h59T8q2SonUPJ006lyXt,0.575,0.744,C#,-5.466,major,0.0603,0.0687,0.0,0.0723,0.701,183.79,241507,4,C# major,new_holiday_songs,https://mosaic.scdn.co/640/5f79f928a45b878579e1fffc9e4aefb362ca53fd939adaa29092810cc1c44965b5a5781e38ee7e65d95f2279ad49512299646dadf9e3e11c09c94c5ee06f3ddadf59ee24504fc02bfe205945807a2437,This Christmas,Christina Aguilera,My Kind Of Christmas,https://i.scdn.co/image/5f52e8eb4ae6727e533bbd54c8c0047022def4fa,554.37,4.4876857,-0.971515,3.3472881,6.2365136
57,35p4bdA1QEyvFjcDqwBs2L,0.467,0.679,D#,-6.255,major,0.174,0.485,0.0,0.136,0.701,79.988,206867,4,D# major,new_holiday_songs,https://mosaic.scdn.co/640/5f79f928a45b878579e1fffc9e4aefb362ca53fd939adaa29092810cc1c44965b5a5781e38ee7e65d95f2279ad49512299646dadf9e3e11c09c94c5ee06f3ddadf59ee24504fc02bfe205945807a2437,Navidades Han Llegado,Raffaella Carrà,Ogni volta che è Natale,https://i.scdn.co/image/9bcd3c4f666cd27a7b2cd92b97f02ee58522ab04,622.25,4.694653,-5.714491,2.4847164,3.6696115
58,37yJoskChy2R0VGzZv0506,0.535,0.489,G,-8.137,minor,0.0529,0.8,2e-06,0.107,0.921,167.808,84733,3,G minor,new_holiday_songs,https://mosaic.scdn.co/640/5f79f928a45b878579e1fffc9e4aefb362ca53fd939adaa29092810cc1c44965b5a5781e38ee7e65d95f2279ad49512299646dadf9e3e11c09c94c5ee06f3ddadf59ee24504fc02bfe205945807a2437,Carol of the Bells,Celtic Thunder,Holiday Symphony,https://i.scdn.co/image/adac891a42037ed749eea111f8583f962cb014f2,783.99,1.8498591,7.1956806,4.743606,3.6665092
59,39Phr9UPoX79GvsyZcITl1,0.55,0.698,G,-4.708,major,0.0242,0.269,0.0,0.0358,0.429,144.03,256560,4,G major,new_holiday_songs,https://mosaic.scdn.co/640/5f79f928a45b878579e1fffc9e4aefb362ca53fd939adaa29092810cc1c44965b5a5781e38ee7e65d95f2279ad49512299646dadf9e3e11c09c94c5ee06f3ddadf59ee24504fc02bfe205945807a2437,Christmas Time,Backstreet Boys,Christmas Hits,https://i.scdn.co/image/939adaa29092810cc1c44965b5a5781e38ee7e65,783.99,2.4634438,-2.3890357,5.0619946,6.439377
60,3ad40z4gdoTTOdt7XNnjqQ,0.42,0.503,C,-7.803,minor,0.0368,0.849,0.0,0.193,0.554,114.94,132600,4,C minor,new_holiday_songs,https://mosaic.scdn.co/640/5f79f928a45b878579e1fffc9e4aefb362ca53fd939adaa29092810cc1c44965b5a5781e38ee7e65d95f2279ad49512299646dadf9e3e11c09c94c5ee06f3ddadf59ee24504fc02bfe205945807a2437,Winter Wonderland,Tony Bennett,Christmas Hits,https://i.scdn.co/image/939adaa29092810cc1c44965b5a5781e38ee7e65,523.25,0.05534429,4.000624,5.9463973,4.6953573
61,3B7FO3kJ5kv3mX7yiaB7sT,0.362,0.505,E,-7.208,major,0.0287,0.367,6.46e-06,0.154,0.192,174.066,266933,3,E major,new_holiday_songs,https://mosaic.scdn.co/640/5f79f928a45b878579e1fffc9e4aefb362ca53fd939adaa29092810cc1c44965b5a5781e38ee7e65d95f2279ad49512299646dadf9e3e11c09c94c5ee06f3ddadf59ee24504fc02bfe205945807a2437,O Holy Night,Mariah Carey,Merry Christmas,https://i.scdn.co/image/e06f3ddadf59ee24504fc02bfe205945807a2437,659.25,-2.8093867,-1.3494661,5.862166,6.780412
62,3DnYHzeul8cWJDEuTFd79H,0.494,0.341,C,-11.217,major,0.128,0.849,0.0,0.323,0.594,156.125,220760,4,C major,new_holiday_songs,https://mosaic.scdn.co/640/5f79f928a45b878579e1fffc9e4aefb362ca53fd939adaa29092810cc1c44965b5a5781e38ee7e65d95f2279ad49512299646dadf9e3e11c09c94c5ee06f3ddadf59ee24504fc02bfe205945807a2437,Sleigh Ride,"Harry Connick, Jr.",When My Heart Finds Christmas,https://i.scdn.co/image/a580849344a1b1531bbf86b2e042664f54d5b6b9,523.25,1.8865527,-5.719209,6.192274,6.0687838
63,3DzYn4QDEQcyLMD1DQTbYw,0.346,0.802,B,-5.135,minor,0.133,0.143,0.0,0.207,0.624,179.547,169093,3,B minor,new_holiday_songs,https://mosaic.scdn.co/640/5f79f928a45b878579e1fffc9e4aefb362ca53fd939adaa29092810cc1c44965b5a5781e38ee7e65d95f2279ad49512299646dadf9e3e11c09c94c5ee06f3ddadf59ee24504fc02bfe205945807a2437,My Favorite Things,Kelly Clarkson,Wrapped In Red,https://i.scdn.co/image/df6a48dc94245be056b35262606c7adfd1821b99,493.88,6.64816,-3.3926387,2.5397599,4.683219
64,3E6Ydoy1H8ePoigc10Mgsa,0.716,0.512,C#,-6.257,major,0.0331,0.483,0.0,0.0928,0.326,104.957,165907,3,C# major,new_holiday_songs,https://mosaic.scdn.co/640/5f79f928a45b878579e1fffc9e4aefb362ca53fd939adaa29092810cc1c44965b5a5781e38ee7e65d95f2279ad49512299646dadf9e3e11c09c94c5ee06f3ddadf59ee24504fc02bfe205945807a2437,Snowman,Sia,Everyday Is Christmas,https://i.scdn.co/image/77eb7c17cafe550382e885d1873e9bb7de519e1e,554.37,2.0197902,2.041248,4.2873707,5.321845
65,3Fu6XvAT5yjzO8GMcvuM1s,0.719,0.504,B,-6.338,minor,0.0418,0.0601,0.0,0.256,0.81,75.514,127773,4,B minor,new_holiday_songs,https://mosaic.scdn.co/640/5f79f928a45b878579e1fffc9e4aefb362ca53fd939adaa29092810cc1c44965b5a5781e38ee7e65d95f2279ad49512299646dadf9e3e11c09c94c5ee06f3ddadf59ee24504fc02bfe205945807a2437,Rockin' Around the Christmas Tree,Pentatonix,Christmas Is Here!,https://i.scdn.co/image/d95f2279ad49512299646dadf9e3e11c09c94c5e,493.88,4.0612664,2.044994,3.7572315,5.3982778
66,3ILZNhiwZtZ3fVVI65WC6e,0.795,0.548,D#,-8.072,major,0.199,0.163,0.0,0.0838,0.725,112.342,149200,4,D# major,new_holiday_songs,https://mosaic.scdn.co/640/5f79f928a45b878579e1fffc9e4aefb362ca53fd939adaa29092810cc1c44965b5a5781e38ee7e65d95f2279ad49512299646dadf9e3e11c09c94c5ee06f3ddadf59ee24504fc02bfe205945807a2437,Lights On (feat. Ryan Beatty & Santigold),"Tyler, The Creator",Music Inspired by Illumination & Dr. Seuss' The Grinch,https://i.scdn.co/image/0d44bf5627754eaef0d7eda82afd1db895b81fd8,622.25,5.2454553,-5.12135,2.6287684,3.606137
67,3kWmXwAtpnnllwkhGdBBPL,0.712,0.404,F,-15.16,major,0.0398,0.945,0.000483,0.107,0.469,59.874,153373,4,F major,new_holiday_songs,https://mosaic.scdn.co/640/5f79f928a45b878579e1fffc9e4aefb362ca53fd939adaa29092810cc1c44965b5a5781e38ee7e65d95f2279ad49512299646dadf9e3e11c09c94c5ee06f3ddadf59ee24504fc02bfe205945807a2437,The Little Drummer Boy,Johnny Cash,Christmas Hits,https://i.scdn.co/image/939adaa29092810cc1c44965b5a5781e38ee7e65,698.46,-2.8667917,6.256419,7.1949267,3.9117796
68,3QiAAp20rPC3dcAtKtMaqQ,0.465,0.27,E,-16.661,major,0.0425,0.902,0.00104,0.145,0.58,94.519,129173,4,E major,new_holiday_songs,https://mosaic.scdn.co/640/5f79f928a45b878579e1fffc9e4aefb362ca53fd939adaa29092810cc1c44965b5a5781e38ee7e65d95f2279ad49512299646dadf9e3e11c09c94c5ee06f3ddadf59ee24504fc02bfe205945807a2437,Blue Christmas,Elvis Presley,Elvis' Christmas Album,https://i.scdn.co/image/d8ec333974abb5987719025a55a7395a22becb79,659.25,-3.4465241,5.688232,7.175749,4.1427
69,3sbIQ94CXH0Up1Xlg01Ay3,0.725,0.276,G,-12.25,major,0.0599,0.76,0.0,0.116,0.717,112.89,155933,4,G major,new_holiday_songs,https://mosaic.scdn.co/640/5f79f928a45b878579e1fffc9e4aefb362ca53fd939adaa29092810cc1c44965b5a5781e38ee7e65d95f2279ad49512299646dadf9e3e11c09c94c5ee06f3ddadf59ee24504fc02bfe205945807a2437,It's Beginning to Look a Lot Like Christmas (with Mitchell Ayres & His Orchestra),Perry Como,Christmas Hits,https://i.scdn.co/image/939adaa29092810cc1c44965b5a5781e38ee7e65,783.99,-2.7290401,7.743468,6.9698033,3.40809
70,3sDdyBHQ60Cs1opmIyRvhp,0.505,0.451,A,-10.193,minor,0.0329,0.727,0.0,0.233,0.744,74.347,156867,4,A minor,new_holiday_songs,https://mosaic.scdn.co/640/5f79f928a45b878579e1fffc9e4aefb362ca53fd939adaa29092810cc1c44965b5a5781e38ee7e65d95f2279ad49512299646dadf9e3e11c09c94c5ee06f3ddadf59ee24504fc02bfe205945807a2437,Happy Holiday / The Holiday Season,Andy Williams,The Andy Williams Christmas Album,https://i.scdn.co/image/a3e8629ce4030dc985bdffca9b1b854ac9c8dadf,440.0,-0.30536225,4.743656,6.093759,4.388444
71,3szI9hDVbyOYU0yd77G35n,0.499,0.545,B,-10.476,major,0.0366,0.822,0.0,0.187,0.634,110.545,160947,4,B major,new_holiday_songs,https://mosaic.scdn.co/640/5f79f928a45b878579e1fffc9e4aefb362ca53fd939adaa29092810cc1c44965b5a5781e38ee7e65d95f2279ad49512299646dadf9e3e11c09c94c5ee06f3ddadf59ee24504fc02bfe205945807a2437,A Marshmallow World,Dean Martin,The Dean Martin Christmas Album,https://i.scdn.co/image/61499b2028111eeec40cd0f22e867d3b27a3ca2d,493.88,-0.15468997,4.531865,6.056885,4.445268
72,3upWWSPnaV7UNmZjMQICN8,0.721,0.615,D,-6.689,major,0.229,0.169,0.0,0.329,0.45,89.913,117440,4,D major,new_holiday_songs,https://mosaic.scdn.co/640/5f79f928a45b878579e1fffc9e4aefb362ca53fd939adaa29092810cc1c44965b5a5781e38ee7e65d95f2279ad49512299646dadf9e3e11c09c94c5ee06f3ddadf59ee24504fc02bfe205945807a2437,Sleigh Ride,Tamar Braxton,I'll Be Home For Christmas,https://i.scdn.co/image/08f834b771ce747e37a70c6fa168375ba42fc5a6,587.33,5.456784,-5.3972306,2.3948073,3.7589064
73,3VTNVsTTu05dmTsVFrmGpK,0.319,0.651,D,-6.335,major,0.0342,0.501,4.73e-05,0.241,0.474,118.501,272200,4,D major,new_holiday_songs,https://mosaic.scdn.co/640/5f79f928a45b878579e1fffc9e4aefb362ca53fd939adaa29092810cc1c44965b5a5781e38ee7e65d95f2279ad49512299646dadf9e3e11c09c94c5ee06f3ddadf59ee24504fc02bfe205945807a2437,Fairytale of New York (feat. Kirsty MacColl),The Pogues,If I Should Fall From Grace With God (Expanded),https://i.scdn.co/image/28a0ae8f93bdb5148a56838906393906be53a6f9,587.33,-2.6219578,-2.8843913,5.4027147,7.56445
74,3w88zg08rzoo8zZsvnWD99,0.53,0.14,D#,-15.702,major,0.0516,0.733,0.0,0.119,0.416,66.912,228547,4,D# major,new_holiday_songs,https://mosaic.scdn.co/640/5f79f928a45b878579e1fffc9e4aefb362ca53fd939adaa29092810cc1c44965b5a5781e38ee7e65d95f2279ad49512299646dadf9e3e11c09c94c5ee06f3ddadf59ee24504fc02bfe205945807a2437,Home for Christmas,Maria Mena,Christmas Hits,https://i.scdn.co/image/939adaa29092810cc1c44965b5a5781e38ee7e65,622.25,-4.2957454,4.246997,7.5772657,4.997387
75,3xvFTqHmlMqKjHgczCGn2C,0.633,0.331,C,-9.232,major,0.0528,0.961,0.0,0.12,0.68,119.809,112872,4,C major,new_holiday_songs,https://mosaic.scdn.co/640/5f79f928a45b878579e1fffc9e4aefb362ca53fd939adaa29092810cc1c44965b5a5781e38ee7e65d95f2279ad49512299646dadf9e3e11c09c94c5ee06f3ddadf59ee24504fc02bfe205945807a2437,"Baby, It's Cold Outside",Lydia Liza,"Baby, It's Cold Outside",https://i.scdn.co/image/ca02c16278b939f1f21399eacccb4298353910a7,523.25,0.41964626,5.554146,5.7700906,4.0904183
76,3y8Z2sOJrBt6yKEfsZG1NY,0.703,0.802,D,-4.408,major,0.0286,0.68,0.0,0.206,0.815,128.847,122400,4,D major,new_holiday_songs,https://mosaic.scdn.co/640/5f79f928a45b878579e1fffc9e4aefb362ca53fd939adaa29092810cc1c44965b5a5781e38ee7e65d95f2279ad49512299646dadf9e3e11c09c94c5ee06f3ddadf59ee24504fc02bfe205945807a2437,Jingle Bell Rock,Daryl Hall & John Oates,Christmas Hits,https://i.scdn.co/image/939adaa29092810cc1c44965b5a5781e38ee7e65,587.33,2.6330004,4.055072,4.774347,4.3285213
77,3z0TQeYRBJDpZBQAPbIZAs,0.383,0.144,A#,-8.588,major,0.0403,0.958,0.0,0.0987,0.167,173.44,262147,4,A# major,new_holiday_songs,https://mosaic.scdn.co/640/5f79f928a45b878579e1fffc9e4aefb362ca53fd939adaa29092810cc1c44965b5a5781e38ee7e65d95f2279ad49512299646dadf9e3e11c09c94c5ee06f3ddadf59ee24504fc02bfe205945807a2437,River,Ward Thomas,River,https://i.scdn.co/image/431f707ec80508b952bddbf8012e8e5a1575875b,466.16,-4.0784135,-0.24591725,6.2875967,6.5425067
78,3zJw3rugfpVrmBeDDnUYzy,0.328,0.607,D,-11.076,major,0.0315,0.319,0.0,0.765,0.395,146.539,213880,3,D major,new_holiday_songs,https://mosaic.scdn.co/640/5f79f928a45b878579e1fffc9e4aefb362ca53fd939adaa29092810cc1c44965b5a5781e38ee7e65d95f2279ad49512299646dadf9e3e11c09c94c5ee06f3ddadf59ee24504fc02bfe205945807a2437,Happy Xmas (War Is Over) - Remastered,John Lennon,Power To The People - The Hits,https://i.scdn.co/image/2b8d8b3d509bf68a05aad85b8bbbc714b1d15bf2,587.33,-0.44848785,-3.879342,4.4679627,7.7422943
79,45nLgLtSiGCTtMFTsN6KeA,0.512,0.327,B,-8.027,minor,0.0264,0.269,0.0,0.0953,0.17,105.035,201067,4,B minor,new_holiday_songs,https://mosaic.scdn.co/640/5f79f928a45b878579e1fffc9e4aefb362ca53fd939adaa29092810cc1c44965b5a5781e38ee7e65d95f2279ad49512299646dadf9e3e11c09c94c5ee06f3ddadf59ee24504fc02bfe205945807a2437,"Mary, Did You Know?",Pentatonix,Christmas Hits,https://i.scdn.co/image/939adaa29092810cc1c44965b5a5781e38ee7e65,493.88,-5.658773,-2.3087294,6.4385214,7.4341826
80,47qXmZMqUZDXSnP5zONlwY,0.339,0.375,G#,-6.146,major,0.0311,0.203,0.0,0.116,0.182,121.811,281973,4,G# major,new_holiday_songs,https://mosaic.scdn.co/640/5f79f928a45b878579e1fffc9e4aefb362ca53fd939adaa29092810cc1c44965b5a5781e38ee7e65d95f2279ad49512299646dadf9e3e11c09c94c5ee06f3ddadf59ee24504fc02bfe205945807a2437,Grown-Up Christmas List (feat. Kelly Clarkson),Pentatonix,Christmas Is Here!,https://i.scdn.co/image/d95f2279ad49512299646dadf9e3e11c09c94c5e,830.61,-8.389461,1.2105552,8.066481,6.8763466
81,4DlFHi3tiseC0mQUzxvedg,0.261,0.376,C,-9.174,major,0.0319,0.784,0.0,0.0991,0.406,171.598,234027,3,C major,new_holiday_songs,https://mosaic.scdn.co/640/5f79f928a45b878579e1fffc9e4aefb362ca53fd939adaa29092810cc1c44965b5a5781e38ee7e65d95f2279ad49512299646dadf9e3e11c09c94c5ee06f3ddadf59ee24504fc02bfe205945807a2437,Christmas Peacetime,Andreas Weise,Christmas Peacetime,https://i.scdn.co/image/389bb2c6cb0cc9a6e0a2099fbb4934053736fa34,523.25,-3.5580745,-0.2882337,6.323047,6.614125
82,4dQI4FFpcaQxgz3VlsPYI5,0.63,0.653,G,-4.594,major,0.0282,0.194,0.0,0.0989,0.675,119.954,174120,4,G major,new_holiday_songs,https://mosaic.scdn.co/640/5f79f928a45b878579e1fffc9e4aefb362ca53fd939adaa29092810cc1c44965b5a5781e38ee7e65d95f2279ad49512299646dadf9e3e11c09c94c5ee06f3ddadf59ee24504fc02bfe205945807a2437,"Christmas Is Just Around The Corner (From ""Cranberry Christmas"")",Barry Manilow,In The Swing Of Christmas,https://i.scdn.co/image/9cb813465fab7e498e59b36ef1e6a262ef0d709a,783.99,4.446862,-2.3061728,3.9737663,4.5642977
83,4HMptEInOi2qAZHRh8MCMj,0.744,0.268,G,-16.925,major,0.0633,0.663,0.0513,0.118,0.7,147.322,143933,4,G major,new_holiday_songs,https://mosaic.scdn.co/640/5f79f928a45b878579e1fffc9e4aefb362ca53fd939adaa29092810cc1c44965b5a5781e38ee7e65d95f2279ad49512299646dadf9e3e11c09c94c5ee06f3ddadf59ee24504fc02bfe205945807a2437,Frosty the Snowman,Willie Nelson,Pretty Paper,https://i.scdn.co/image/720cdcacd3dd398b2757a8935983caa9bc8f3de0,783.99,-3.2567658,7.8391304,6.940917,3.3699682
84,4jDXtVGAmIqu3Fc8ODzhmb,0.382,0.558,A,-6.399,major,0.0341,0.316,0.0,0.115,0.178,125.512,232467,4,A major,new_holiday_songs,https://mosaic.scdn.co/640/5f79f928a45b878579e1fffc9e4aefb362ca53fd939adaa29092810cc1c44965b5a5781e38ee7e65d95f2279ad49512299646dadf9e3e11c09c94c5ee06f3ddadf59ee24504fc02bfe205945807a2437,When You Believe (with Maren Morris),Pentatonix,Christmas Is Here!,https://i.scdn.co/image/d95f2279ad49512299646dadf9e3e11c09c94c5e,440.0,-4.2660613,-2.092212,6.0519423,7.354707
85,4kZqBZ1cihUH8SoBZ3PBrd,0.711,0.602,G,-5.698,major,0.0691,0.131,0.0,0.0633,0.823,110.947,215933,4,G major,new_holiday_songs,https://mosaic.scdn.co/640/5f79f928a45b878579e1fffc9e4aefb362ca53fd939adaa29092810cc1c44965b5a5781e38ee7e65d95f2279ad49512299646dadf9e3e11c09c94c5ee06f3ddadf59ee24504fc02bfe205945807a2437,"O Come, All Ye Faithful",Pentatonix,A Pentatonix Christmas Deluxe,https://i.scdn.co/image/3329bc2e25d9a2d4908753ec0739931e13374568,783.99,4.4570055,-2.677713,3.788335,4.48257
86,4mS0kNelJEq1u2siN6RIrB,0.337,0.483,A,-6.517,major,0.0427,0.661,0.0,0.0972,0.128,164.236,192707,3,A major,new_holiday_songs,https://mosaic.scdn.co/640/5f79f928a45b878579e1fffc9e4aefb362ca53fd939adaa29092810cc1c44965b5a5781e38ee7e65d95f2279ad49512299646dadf9e3e11c09c94c5ee06f3ddadf59ee24504fc02bfe205945807a2437,The Christmas Song (Chestnuts Roasting on an Open Fire),Whitney Houston,One Wish / The Holiday Album,https://i.scdn.co/image/cb95b4372cf4c4efdd4da66a267809130a835630,440.0,-3.647211,-0.8076103,6.217321,6.639724
87,4nAR2gfX6f5kTbloGnp8FZ,0.504,0.604,D#,-5.256,major,0.0258,0.474,0.0,0.336,0.163,86.147,254707,4,D# major,new_holiday_songs,https://mosaic.scdn.co/640/5f79f928a45b878579e1fffc9e4aefb362ca53fd939adaa29092810cc1c44965b5a5781e38ee7e65d95f2279ad49512299646dadf9e3e11c09c94c5ee06f3ddadf59ee24504fc02bfe205945807a2437,Happy Xmas (War Is Over),Céline Dion,Christmas Hits,https://i.scdn.co/image/939adaa29092810cc1c44965b5a5781e38ee7e65,622.25,-3.3377588,-3.7629666,5.2901163,7.708513
88,4QMZUqcREVkCdm6NH8NyQD,0.625,0.473,D,-5.242,major,0.0536,0.897,0.0,0.363,0.807,142.99,155413,4,D major,new_holiday_songs,https://mosaic.scdn.co/640/5f79f928a45b878579e1fffc9e4aefb362ca53fd939adaa29092810cc1c44965b5a5781e38ee7e65d95f2279ad49512299646dadf9e3e11c09c94c5ee06f3ddadf59ee24504fc02bfe205945807a2437,Let It Snow! Let It Snow! Let It Snow! (with The B. Swanson Quartet),Frank Sinatra,Christmas Hits,https://i.scdn.co/image/939adaa29092810cc1c44965b5a5781e38ee7e65,587.33,2.5140965,5.1147513,5.0921626,4.1736126
89,4UEPinRjSnbWKqDVhc0QHJ,0.355,0.668,C,-8.444,major,0.0482,0.362,1.23e-06,0.727,0.413,139.734,267600,4,C major,new_holiday_songs,https://mosaic.scdn.co/640/5f79f928a45b878579e1fffc9e4aefb362ca53fd939adaa29092810cc1c44965b5a5781e38ee7e65d95f2279ad49512299646dadf9e3e11c09c94c5ee06f3ddadf59ee24504fc02bfe205945807a2437,"Santa Claus Is Comin' to Town - Live at C.W. Post College, Greenvale, NY - December 1975",Bruce Springsteen,Christmas Hits,https://i.scdn.co/image/939adaa29092810cc1c44965b5a5781e38ee7e65,523.25,-0.82883054,-3.6296306,4.632889,7.6824017
90,4W8cUf5xe5g8si5OijFAqZ,0.687,0.643,B,-7.677,minor,0.0406,0.0222,1.41e-05,0.117,0.27,147.969,189343,4,B minor,new_holiday_songs,https://mosaic.scdn.co/640/5f79f928a45b878579e1fffc9e4aefb362ca53fd939adaa29092810cc1c44965b5a5781e38ee7e65d95f2279ad49512299646dadf9e3e11c09c94c5ee06f3ddadf59ee24504fc02bfe205945807a2437,Have Yourself a Merry Little Christmas,Mitchell Tenpenny,Have Yourself a Merry Little Christmas,https://i.scdn.co/image/0cc3639654a8ed292024e9be4ea80b45ce8afac4,493.88,8.0778,1.7954005,3.0484605,5.913373
91,4ymVMnhjbImQjjCq4petB2,0.573,0.78,G#,-7.467,major,0.0283,0.0227,0.0,0.0927,0.718,127.132,153066,4,G# major,new_holiday_songs,https://mosaic.scdn.co/640/5f79f928a45b878579e1fffc9e4aefb362ca53fd939adaa29092810cc1c44965b5a5781e38ee7e65d95f2279ad49512299646dadf9e3e11c09c94c5ee06f3ddadf59ee24504fc02bfe205945807a2437,Christmas (Baby Please Come Home),Mariah Carey,Merry Christmas,https://i.scdn.co/image/f13ce082cb050c8544fbae7c94a4ab66bdd004aa,830.61,5.287519,-2.2925417,3.8402014,4.470746
92,4zMP6aieSmWQNFdp3O4Owv,0.421,0.712,A#,-10.417,major,0.0463,0.413,0.479,0.115,0.501,184.202,188720,4,A# major,new_holiday_songs,https://mosaic.scdn.co/640/5f79f928a45b878579e1fffc9e4aefb362ca53fd939adaa29092810cc1c44965b5a5781e38ee7e65d95f2279ad49512299646dadf9e3e11c09c94c5ee06f3ddadf59ee24504fc02bfe205945807a2437,Just Like Christmas,Low,Christmas,https://i.scdn.co/image/2bd9c1e3292f0a8cd5cbecbf7b605ad40caa91b3,466.16,-1.2338259,1.5161518,8.029151,4.4786735
93,50YYe94G19kWVyhzdEXxki,0.683,0.56,E,-6.597,minor,0.0373,0.231,0.0,0.0878,0.499,124.964,202680,4,E minor,new_holiday_songs,https://mosaic.scdn.co/640/5f79f928a45b878579e1fffc9e4aefb362ca53fd939adaa29092810cc1c44965b5a5781e38ee7e65d95f2279ad49512299646dadf9e3e11c09c94c5ee06f3ddadf59ee24504fc02bfe205945807a2437,Sweater Weather,Pentatonix,Christmas Is Here!,https://i.scdn.co/image/d95f2279ad49512299646dadf9e3e11c09c94c5e,659.25,4.1734285,-2.0808318,3.883834,4.889242
94,514vD4ip2V1BhGzuosVJci,0.679,0.62,A,-8.453,minor,0.217,0.121,0.0,0.0976,0.67,99.761,209387,4,A minor,new_holiday_songs,https://mosaic.scdn.co/640/5f79f928a45b878579e1fffc9e4aefb362ca53fd939adaa29092810cc1c44965b5a5781e38ee7e65d95f2279ad49512299646dadf9e3e11c09c94c5ee06f3ddadf59ee24504fc02bfe205945807a2437,8 Days of Christmas - Live,Destiny's Child,Christmas Hits,https://i.scdn.co/image/939adaa29092810cc1c44965b5a5781e38ee7e65,440.0,5.3590517,-5.6188526,2.3391507,3.7061625
95,51u4r13PK8Bb2aKwuMkBtc,0.344,0.313,D,-11.614,major,0.0323,0.56,2.15e-05,0.101,0.167,82.555,304400,3,D major,new_holiday_songs,https://mosaic.scdn.co/640/5f79f928a45b878579e1fffc9e4aefb362ca53fd939adaa29092810cc1c44965b5a5781e38ee7e65d95f2279ad49512299646dadf9e3e11c09c94c5ee06f3ddadf59ee24504fc02bfe205945807a2437,Have Yourself a Merry Little Christmas,Luther Vandross,The Classic Christmas Album,https://i.scdn.co/image/8b8be679defb9b727bec68484688c1ae186e69e6,587.33,-6.2692065,-0.5582859,7.1896415,7.541382
96,541mKUH89gViH3rPkSDecP,0.674,0.578,F#,-6.888,major,0.114,0.0415,0.0,0.102,0.957,91.988,120907,4,F# major,new_holiday_songs,https://mosaic.scdn.co/640/5f79f928a45b878579e1fffc9e4aefb362ca53fd939adaa29092810cc1c44965b5a5781e38ee7e65d95f2279ad49512299646dadf9e3e11c09c94c5ee06f3ddadf59ee24504fc02bfe205945807a2437,Let It Snow! Let It Snow! Let It Snow!,Pentatonix,A Pentatonix Christmas Deluxe,https://i.scdn.co/image/3329bc2e25d9a2d4908753ec0739931e13374568,739.99,5.20203,-3.608668,3.2759664,4.0916696
97,54K9GOVJqIaDZNXLnnxiKc,0.658,0.56,F#,-9.049,minor,0.0467,0.498,0.0,0.0794,0.854,161.994,182947,4,F# minor,new_holiday_songs,https://mosaic.scdn.co/640/5f79f928a45b878579e1fffc9e4aefb362ca53fd939adaa29092810cc1c44965b5a5781e38ee7e65d95f2279ad49512299646dadf9e3e11c09c94c5ee06f3ddadf59ee24504fc02bfe205945807a2437,Mistletoe,Justin Bieber,Under The Mistletoe,https://i.scdn.co/image/614ca0202c97ca1af323cbeb310d27bff2825665,739.99,2.9202178,7.1747527,4.197794,4.120926
98,550rQQCGkrTzvp4SfpOPzx,0.321,0.377,A#,-7.385,major,0.0361,0.454,0.0,0.338,0.367,119.483,268960,4,A# major,new_holiday_songs,https://mosaic.scdn.co/640/5f79f928a45b878579e1fffc9e4aefb362ca53fd939adaa29092810cc1c44965b5a5781e38ee7e65d95f2279ad49512299646dadf9e3e11c09c94c5ee06f3ddadf59ee24504fc02bfe205945807a2437,Hallelujah,Pentatonix,A Pentatonix Christmas,https://i.scdn.co/image/974438f01ded7d031d3cc72b42eb7ef66d91ab7f,466.16,-3.073602,-2.795026,5.4980197,7.602245
99,55k81Sv1beBPBdfU1c4F2g,0.644,0.941,F,-3.997,major,0.0469,0.115,0.0,0.86,0.752,105.014,254200,4,F major,new_holiday_songs,https://mosaic.scdn.co/640/5f79f928a45b878579e1fffc9e4aefb362ca53fd939adaa29092810cc1c44965b5a5781e38ee7e65d95f2279ad49512299646dadf9e3e11c09c94c5ee06f3ddadf59ee24504fc02bfe205945807a2437,"Merry Christmas, Happy Holidays",*NSYNC,Christmas Hits,https://i.scdn.co/image/939adaa29092810cc1c44965b5a5781e38ee7e65,698.46,0.8699774,-3.3784864,4.0600114,7.521845
100,5akH1MTPy8ikT98VxP1mcr,0.35,0.605,G,-7.374,major,0.0556,0.668,0.0,0.116,0.0612,105.852,210440,4,G major,new_holiday_songs,https://mosaic.scdn.co/640/5f79f928a45b878579e1fffc9e4aefb362ca53fd939adaa29092810cc1c44965b5a5781e38ee7e65d95f2279ad49512299646dadf9e3e11c09c94c5ee06f3ddadf59ee24504fc02bfe205945807a2437,I'm Gonna Be Loved - This Christmas,The Sam Willows,I'm Gonna Be Loved (This Christmas),https://i.scdn.co/image/c9baca2e86a28a4cdac8ac3bb9d0a0772d8e1456,783.99,-8.002395,1.6212149,7.931606,7.018596
101,5aqPFFCJivYjHanadZXDRJ,0.499,0.34,A#,-7.137,minor,0.0257,0.362,0.0,0.106,0.174,102.906,203533,4,A# minor,new_holiday_songs,https://mosaic.scdn.co/640/5f79f928a45b878579e1fffc9e4aefb362ca53fd939adaa29092810cc1c44965b5a5781e38ee7e65d95f2279ad49512299646dadf9e3e11c09c94c5ee06f3ddadf59ee24504fc02bfe205945807a2437,"Mary, Did You Know?",Zara Larsson,The Star - Original Motion Picture Soundtrack,https://i.scdn.co/image/fa44b1710dc05f20b0af4706ec642ad65d6a48a7,466.16,-5.5408726,-2.0362628,6.3136907,7.489419
102,5b1jXYUOgAX5QAHXPVHdld,0.42,0.485,D#,-11.007,major,0.0422,0.709,8.16e-05,0.11,0.539,94.65,142600,4,D# major,new_holiday_songs,https://mosaic.scdn.co/640/5f79f928a45b878579e1fffc9e4aefb362ca53fd939adaa29092810cc1c44965b5a5781e38ee7e65d95f2279ad49512299646dadf9e3e11c09c94c5ee06f3ddadf59ee24504fc02bfe205945807a2437,Santa Claus Is Back In Town,Elvis Presley,Elvis' Christmas Album,https://i.scdn.co/image/d8ec333974abb5987719025a55a7395a22becb79,622.25,-1.9724989,5.019407,6.968794,4.468164
103,5bMCMJERxfGi2jjN8AhBsB,0.348,0.723,A,-3.355,major,0.0592,0.122,0.0,0.113,0.442,185.28,171347,3,A major,new_holiday_songs,https://mosaic.scdn.co/640/5f79f928a45b878579e1fffc9e4aefb362ca53fd939adaa29092810cc1c44965b5a5781e38ee7e65d95f2279ad49512299646dadf9e3e11c09c94c5ee06f3ddadf59ee24504fc02bfe205945807a2437,Please Come Home for Christmas (feat. Smokey Robinson),Human Nature,The Christmas Album (Deluxe Edition),https://i.scdn.co/image/37af24a3d05b2eaf52e39aaa8594815bd1037d87,440.0,7.066505,-2.8247557,2.815981,5.4322543
104,5eGf8gjsdP8NGkeHmpzDId,0.92,0.68,F,-3.9,major,0.0554,0.302,0.0,0.0993,0.85,114.0,192442,4,F major,new_holiday_songs,https://mosaic.scdn.co/640/5f79f928a45b878579e1fffc9e4aefb362ca53fd939adaa29092810cc1c44965b5a5781e38ee7e65d95f2279ad49512299646dadf9e3e11c09c94c5ee06f3ddadf59ee24504fc02bfe205945807a2437,Last Christmas,Jule Vera,Vera Merry Christmas,https://i.scdn.co/image/d068b6511916e4ebf6bcc1ca06dd811aa60c4849,698.46,4.674075,-2.0237818,3.7185748,4.6638017
105,5I2Zw1tJXoswUSnKkJSuwX,0.503,0.689,C,-5.047,major,0.0463,0.252,0.0,0.0861,0.733,82.328,146733,4,C major,new_holiday_songs,https://mosaic.scdn.co/640/5f79f928a45b878579e1fffc9e4aefb362ca53fd939adaa29092810cc1c44965b5a5781e38ee7e65d95f2279ad49512299646dadf9e3e11c09c94c5ee06f3ddadf59ee24504fc02bfe205945807a2437,What Christmas Means To Me,Stevie Wonder,The Ultimate Motown Christmas Collection,https://i.scdn.co/image/0eff84ec0c03ac9ae1bdfe5415e05cf19bffbbc4,523.25,4.929525,2.4816813,3.6822858,5.52231
106,5L6YSawbmY8o3ftYAfuiWa,0.273,0.171,C#,-15.413,major,0.0352,0.892,2.58e-05,0.11,0.197,84.18,190800,4,C# major,new_holiday_songs,https://mosaic.scdn.co/640/5f79f928a45b878579e1fffc9e4aefb362ca53fd939adaa29092810cc1c44965b5a5781e38ee7e65d95f2279ad49512299646dadf9e3e11c09c94c5ee06f3ddadf59ee24504fc02bfe205945807a2437,The Christmas Song (Chestnuts Roasting On an Open Fire),Mel Tormé,Christmas Hits,https://i.scdn.co/image/939adaa29092810cc1c44965b5a5781e38ee7e65,554.37,-5.610454,2.7958262,7.4288335,5.14235
107,5L8JAy13dLqNeJE6M2bAQr,0.516,0.793,C,-1.055,major,0.0326,0.000906,0.0,0.143,0.712,144.09,202872,4,C major,new_holiday_songs,https://mosaic.scdn.co/640/5f79f928a45b878579e1fffc9e4aefb362ca53fd939adaa29092810cc1c44965b5a5781e38ee7e65d95f2279ad49512299646dadf9e3e11c09c94c5ee06f3ddadf59ee24504fc02bfe205945807a2437,Father Christmas,The Unlikely Candidates,Father Christmas,https://i.scdn.co/image/02f1009188106a62dd1bb8890dd2b1238fc3f5c8,523.25,5.599305,-0.4794775,3.1276069,5.761953
108,5lyikKk6KFWfWCuDDir9Fx,0.602,0.713,A#,-7.58,minor,0.0351,0.041,0.0,0.27,0.796,141.987,116547,4,A# minor,new_holiday_songs,https://mosaic.scdn.co/640/5f79f928a45b878579e1fffc9e4aefb362ca53fd939adaa29092810cc1c44965b5a5781e38ee7e65d95f2279ad49512299646dadf9e3e11c09c94c5ee06f3ddadf59ee24504fc02bfe205945807a2437,Rockin' Around The Christmas Tree - Recorded at Spotify Studios NYC,Miley Cyrus,Spotify Singles - Holiday,https://i.scdn.co/image/db8e1545f5fc29a96e7513fbd64ef040a52ac330,466.16,6.6004558,-0.29485652,3.410035,4.879395
109,5mQZNEPNEKgfyojTSjpHro,0.421,0.656,A#,-6.03,major,0.0267,0.041,0.0,0.0946,0.519,101.581,215467,4,A# major,new_holiday_songs,https://mosaic.scdn.co/640/5f79f928a45b878579e1fffc9e4aefb362ca53fd939adaa29092810cc1c44965b5a5781e38ee7e65d95f2279ad49512299646dadf9e3e11c09c94c5ee06f3ddadf59ee24504fc02bfe205945807a2437,Christmas Time Is Here Again,Weeping Willows,Christmas Time Has Come,https://i.scdn.co/image/f24789954ae8fba7649eb8433c7b676ba5254ccb,466.16,6.5257306,2.0716197,2.69074,6.1670656
110,5NJ8M8qilAzKVNOcjXfTJb,0.664,0.423,C,-10.785,major,0.0295,0.629,0.0,0.0871,0.848,140.432,134733,4,C major,new_holiday_songs,https://mosaic.scdn.co/640/5f79f928a45b878579e1fffc9e4aefb362ca53fd939adaa29092810cc1c44965b5a5781e38ee7e65d95f2279ad49512299646dadf9e3e11c09c94c5ee06f3ddadf59ee24504fc02bfe205945807a2437,A Holly Jolly Christmas - Single Version,Burl Ives,"Christmas Classics Featuring Rudolph The Red-Nosed Reindeer, Frosty The Snowman & The Little Drummer Boy",https://i.scdn.co/image/1f19f33fd2503fe4b2dfba7799753c3a205dd0bb,523.25,0.9877036,6.1474514,5.4951696,3.7726173
111,5oqTtv4Jx1tMvZfFNY9BxQ,0.39,0.641,C,-7.184,major,0.0607,0.427,0.0,0.973,0.321,77.978,254677,4,C major,new_holiday_songs,https://mosaic.scdn.co/640/5f79f928a45b878579e1fffc9e4aefb362ca53fd939adaa29092810cc1c44965b5a5781e38ee7e65d95f2279ad49512299646dadf9e3e11c09c94c5ee06f3ddadf59ee24504fc02bfe205945807a2437,Santa Oddity - Live,Umphrey's McGee,Santa Oddity (Live),https://i.scdn.co/image/77eb7c17cafe5503253ea451ab0b53b6fa434b20,523.25,-0.64138293,-4.009801,4.4861226,7.821494
112,5OxAR7XejlClnBNuDMvJ3V,0.534,0.898,E,-5.985,major,0.0926,0.02,0.0,0.209,0.689,149.916,120960,4,E major,new_holiday_songs,https://mosaic.scdn.co/640/5f79f928a45b878579e1fffc9e4aefb362ca53fd939adaa29092810cc1c44965b5a5781e38ee7e65d95f2279ad49512299646dadf9e3e11c09c94c5ee06f3ddadf59ee24504fc02bfe205945807a2437,"Let It Snow, Let It Snow, Let It Snow",Jessica Simpson,ReJoyce The Christmas Album,https://i.scdn.co/image/713c9be065885db2ef9b98b6da279e7925cc4b6f,659.25,6.598963,-1.9945142,2.9086287,4.602165
113,5pDaRonmzAV91HPxZVeiai,0.536,0.869,D,-8.631,major,0.0314,0.119,2.67e-05,0.126,0.894,140.579,268187,4,D major,new_holiday_songs,https://mosaic.scdn.co/640/5f79f928a45b878579e1fffc9e4aefb362ca53fd939adaa29092810cc1c44965b5a5781e38ee7e65d95f2279ad49512299646dadf9e3e11c09c94c5ee06f3ddadf59ee24504fc02bfe205945807a2437,Step Into Christmas,Elton John,Christmas Number 1's,https://i.scdn.co/image/90d80f5a0261f942a655b768c41bdbe67fbd6377,587.33,4.985653,-0.11024071,3.3828192,6.442781
114,5T94RUaPidX1Q1BJIyn1Fe,0.434,0.321,C#,-8.597,major,0.0445,0.867,0.0,0.114,0.345,109.838,232307,3,C# major,new_holiday_songs,https://mosaic.scdn.co/640/5f79f928a45b878579e1fffc9e4aefb362ca53fd939adaa29092810cc1c44965b5a5781e38ee7e65d95f2279ad49512299646dadf9e3e11c09c94c5ee06f3ddadf59ee24504fc02bfe205945807a2437,Silent Night - Vevo Live Acoustic,James Arthur,Empty Space / Silent Night - Vevo Live Acoustic,https://i.scdn.co/image/77eb7c17cafe5503ab885f148e9c98f7986bc62b,554.37,-5.4456825,-0.17070033,6.951768,7.327115
115,5ThCKAfvYZr6ARnPrbEdJs,0.502,0.446,B,-8.703,major,0.0348,0.331,3.28e-06,0.203,0.305,152.205,294400,3,B major,new_holiday_songs,https://mosaic.scdn.co/640/5f79f928a45b878579e1fffc9e4aefb362ca53fd939adaa29092810cc1c44965b5a5781e38ee7e65d95f2279ad49512299646dadf9e3e11c09c94c5ee06f3ddadf59ee24504fc02bfe205945807a2437,Happy Christmas ( War Is Over ),Roch Voisine,Album De Noël,https://i.scdn.co/image/213e62c1c530e882626056fceffaa85ea90f1741,493.88,-3.7073658,-2.2796073,5.7931685,7.634105
116,5TN42y2ut6ATB0IDEEgQay,0.735,0.237,E,-8.827,major,0.0396,0.834,0.0,0.0901,0.508,94.144,179113,4,E major,new_holiday_songs,https://mosaic.scdn.co/640/5f79f928a45b878579e1fffc9e4aefb362ca53fd939adaa29092810cc1c44965b5a5781e38ee7e65d95f2279ad49512299646dadf9e3e11c09c94c5ee06f3ddadf59ee24504fc02bfe205945807a2437,It's Beginning to Look a Lot Like Christmas,Noah Cyrus,It's Beginning to Look a Lot Like Christmas,https://i.scdn.co/image/3e68210264389b70d9efc8e90b88ac67fc1b0bc5,659.25,-1.6185175,7.3151484,6.4757023,3.2965024
117,5Tw6x1bD1dvULVXvEeEy0b,0.655,0.387,A#,-5.85,major,0.0284,0.804,4.86e-06,0.26,0.445,130.018,180093,4,A# major,new_holiday_songs,https://mosaic.scdn.co/640/5f79f928a45b878579e1fffc9e4aefb362ca53fd939adaa29092810cc1c44965b5a5781e38ee7e65d95f2279ad49512299646dadf9e3e11c09c94c5ee06f3ddadf59ee24504fc02bfe205945807a2437,"Looks Like A Cold, Cold Winter",Ingrid Michaelson,"Looks Like A Cold, Cold Winter",https://i.scdn.co/image/85faa77c32111f88de75051bb547325432be02e7,466.16,2.6344948,5.502217,5.2368884,4.1284823
118,5XaF2L2Qi3S6i0cUQELTzB,0.45,0.165,A,-16.19,major,0.0336,0.69,0.00232,0.131,0.502,102.708,131093,3,A major,new_holiday_songs,https://mosaic.scdn.co/640/5f79f928a45b878579e1fffc9e4aefb362ca53fd939adaa29092810cc1c44965b5a5781e38ee7e65d95f2279ad49512299646dadf9e3e11c09c94c5ee06f3ddadf59ee24504fc02bfe205945807a2437,Silver Bells,John Denver,Rocky Mountain Christmas,https://i.scdn.co/image/5d591b8e3d7e2460b751c383cb76315e9a214e84,440.0,-2.7143478,4.7614655,7.2786946,4.619797
119,5xlS0QkVrSH7ssEbBgBzbM,0.602,0.553,B,-9.336,major,0.0328,0.108,0.0,0.0512,0.971,130.594,118840,4,B major,new_holiday_songs,https://mosaic.scdn.co/640/5f79f928a45b878579e1fffc9e4aefb362ca53fd939adaa29092810cc1c44965b5a5781e38ee7e65d95f2279ad49512299646dadf9e3e11c09c94c5ee06f3ddadf59ee24504fc02bfe205945807a2437,Little Saint Nick - 1991 Remix,The Beach Boys,The Beach Boys' Christmas Album,https://i.scdn.co/image/5138ad67bba0da1e64fd6af891a7dc23d66b064a,493.88,4.8411274,3.311068,3.5828886,4.3834267
120,5ymVfeMK8cDew5vzntTuc7,0.571,0.634,F,-9.155,minor,0.0537,0.724,0.0,0.0864,0.805,109.575,128400,4,F minor,new_holiday_songs,https://mosaic.scdn.co/640/5f79f928a45b878579e1fffc9e4aefb362ca53fd939adaa29092810cc1c44965b5a5781e38ee7e65d95f2279ad49512299646dadf9e3e11c09c94c5ee06f3ddadf59ee24504fc02bfe205945807a2437,Sleigh Ride,Andy Williams,Merry Christmas,https://i.scdn.co/image/f391c733847c060f9bdde8f089ea4a3ca3653049,698.46,1.7238238,6.7430496,4.8505955,3.683736
121,5zx4yNDpYT6mEVaAwTw5m8,0.419,0.201,G,-11.4,major,0.0341,0.808,0.0,0.16,0.189,93.687,226120,3,G major,new_holiday_songs,https://mosaic.scdn.co/640/5f79f928a45b878579e1fffc9e4aefb362ca53fd939adaa29092810cc1c44965b5a5781e38ee7e65d95f2279ad49512299646dadf9e3e11c09c94c5ee06f3ddadf59ee24504fc02bfe205945807a2437,O Holy Night,Martina McBride,The Classic Christmas Album,https://i.scdn.co/image/4fde026a27e15e12185e0001dc6ee65b2325d67d,783.99,-6.9169703,1.8393339,7.7949157,6.8647776
122,60nCsuks4ZOxMCLpe9gDNA,0.726,0.145,G#,-12.262,major,0.0504,0.903,0.0,0.159,0.47,84.238,209000,4,G# major,new_holiday_songs,https://mosaic.scdn.co/640/5f79f928a45b878579e1fffc9e4aefb362ca53fd939adaa29092810cc1c44965b5a5781e38ee7e65d95f2279ad49512299646dadf9e3e11c09c94c5ee06f3ddadf59ee24504fc02bfe205945807a2437,Santa Baby (with Henri René & His Orchestra),Eartha Kitt,Christmas Hits,https://i.scdn.co/image/939adaa29092810cc1c44965b5a5781e38ee7e65,830.61,-2.2966964,7.191829,6.851826,3.3784175
123,66xfBy2Za8TGrhTXRea6PI,0.694,0.183,C,-13.159,major,0.0331,0.93,0.0,0.289,0.688,77.893,173400,4,C major,new_holiday_songs,https://mosaic.scdn.co/640/5f79f928a45b878579e1fffc9e4aefb362ca53fd939adaa29092810cc1c44965b5a5781e38ee7e65d95f2279ad49512299646dadf9e3e11c09c94c5ee06f3ddadf59ee24504fc02bfe205945807a2437,(There's No Place Like) Home for the Holidays - 1954 Version,Perry Como,Christmas Hits,https://i.scdn.co/image/2814f341fc87aaa4c5b438fd97c1eeeb1f76da56,523.25,-1.2125958,6.1725364,6.3906345,4.053502
124,67XXGKQrlBLCAg3gmHkamP,0.319,0.509,A#,-8.868,major,0.0305,0.642,0.0,0.39,0.427,144.55,223240,3,A# major,new_holiday_songs,https://mosaic.scdn.co/640/5f79f928a45b878579e1fffc9e4aefb362ca53fd939adaa29092810cc1c44965b5a5781e38ee7e65d95f2279ad49512299646dadf9e3e11c09c94c5ee06f3ddadf59ee24504fc02bfe205945807a2437,Have Yourself a Merry Little Christmas (feat. Esperanza Spalding),John Legend,Have Yourself a Merry Little Christmas / Bring Me Love,https://i.scdn.co/image/5f79f928a45b878579e1fffc9e4aefb362ca53fd,466.16,-1.8973148,-3.206075,5.122282,7.6197424
125,6bhhqvDX8Q3kl1GoyhtpSx,0.523,0.509,A,-6.387,major,0.0251,0.59,0.000369,0.0932,0.344,96.946,301640,4,A major,new_holiday_songs,https://mosaic.scdn.co/640/5f79f928a45b878579e1fffc9e4aefb362ca53fd939adaa29092810cc1c44965b5a5781e38ee7e65d95f2279ad49512299646dadf9e3e11c09c94c5ee06f3ddadf59ee24504fc02bfe205945807a2437,The First Noel,John Farnham,The First Noel,https://i.scdn.co/image/26fc10dea516d2c736062356667cac52a08acbae,440.0,-4.774326,-2.4156027,6.1713176,7.6651225
126,6CylKS9y5AJtrE9K2vgGnK,0.49,0.0677,D,-20.293,major,0.0446,0.946,0.0027,0.28,0.34,94.065,163667,4,D major,new_holiday_songs,https://mosaic.scdn.co/640/5f79f928a45b878579e1fffc9e4aefb362ca53fd939adaa29092810cc1c44965b5a5781e38ee7e65d95f2279ad49512299646dadf9e3e11c09c94c5ee06f3ddadf59ee24504fc02bfe205945807a2437,White Christmas,Elvis Presley,Elvis' Christmas Album,https://i.scdn.co/image/d8ec333974abb5987719025a55a7395a22becb79,587.33,-3.5867105,4.6395965,7.575829,4.5765257
127,6dvq77gzD4g4u1TJHO2ZYe,0.492,0.828,C,-2.14,major,0.0662,0.00253,0.0,0.342,0.567,81.409,232213,4,C major,new_holiday_songs,https://mosaic.scdn.co/640/5f79f928a45b878579e1fffc9e4aefb362ca53fd939adaa29092810cc1c44965b5a5781e38ee7e65d95f2279ad49512299646dadf9e3e11c09c94c5ee06f3ddadf59ee24504fc02bfe205945807a2437,Shake up Christmas - Xmas Anthem,Train,Christmas Hits,https://i.scdn.co/image/939adaa29092810cc1c44965b5a5781e38ee7e65,523.25,6.4685802,1.1514637,2.7353535,6.3743925
128,6j2WyCG7ZgG7EnZBNKebHs,0.774,0.785,C,-7.766,major,0.0363,0.16,0.0,0.264,0.96,112.514,242360,4,C major,new_holiday_songs,https://mosaic.scdn.co/640/5f79f928a45b878579e1fffc9e4aefb362ca53fd939adaa29092810cc1c44965b5a5781e38ee7e65d95f2279ad49512299646dadf9e3e11c09c94c5ee06f3ddadf59ee24504fc02bfe205945807a2437,Mary's Boy Child / Oh My Lord,Boney M.,Christmas Hits,https://i.scdn.co/image/939adaa29092810cc1c44965b5a5781e38ee7e65,523.25,5.1657104,0.6498742,3.3736405,6.396695
129,6JUnflvdkYvbzsp6zWpaCZ,0.618,0.828,A#,-4.513,major,0.0634,0.21,0.0,0.09,0.84,84.987,161333,4,A# major,new_holiday_songs,https://mosaic.scdn.co/640/5f79f928a45b878579e1fffc9e4aefb362ca53fd939adaa29092810cc1c44965b5a5781e38ee7e65d95f2279ad49512299646dadf9e3e11c09c94c5ee06f3ddadf59ee24504fc02bfe205945807a2437,What Christmas Means to Me (feat. Stevie Wonder),John Legend,A Legendary Christmas,https://i.scdn.co/image/5f79f928a45b878579e1fffc9e4aefb362ca53fd,466.16,5.2801523,2.114981,3.4788768,5.3557177
130,6KsFSrVS3DwG4xNAPQvznC,0.676,0.412,G#,-7.97,major,0.0347,0.796,0.0,0.139,0.47,124.891,157600,4,G# major,new_holiday_songs,https://mosaic.scdn.co/640/5f79f928a45b878579e1fffc9e4aefb362ca53fd939adaa29092810cc1c44965b5a5781e38ee7e65d95f2279ad49512299646dadf9e3e11c09c94c5ee06f3ddadf59ee24504fc02bfe205945807a2437,Winter Wonderland,Hannah Kerr,Christmas Eve in Bethlehem,https://i.scdn.co/image/14bf748c8e9e2bdafb623355a82e8f7dbb947cbb,830.61,-1.4382787,8.351937,6.52562,3.1277268
131,6lIob2DRkcnjrymZN1QqU7,0.554,0.422,G#,-10.761,major,0.0439,0.329,3.13e-05,0.0986,0.3,99.676,242879,4,G# major,new_holiday_songs,https://mosaic.scdn.co/640/5f79f928a45b878579e1fffc9e4aefb362ca53fd939adaa29092810cc1c44965b5a5781e38ee7e65d95f2279ad49512299646dadf9e3e11c09c94c5ee06f3ddadf59ee24504fc02bfe205945807a2437,"Can You See - Spotify Singles - Holiday, Recorded at Spotify Studios NYC",Fifth Harmony,"Can You See (Spotify Singles - Holiday, Recorded at Spotify Studios NYC)",https://i.scdn.co/image/03069416d890cc38c24d0118af36d5592844b891,830.61,-8.030223,0.6056723,7.778895,7.258598
132,6lIVyZ979Y4igxDOW3ncie,0.584,0.73,A,-5.311,major,0.0248,0.00183,0.00107,0.208,0.275,89.994,170667,4,A major,new_holiday_songs,https://mosaic.scdn.co/640/5f79f928a45b878579e1fffc9e4aefb362ca53fd939adaa29092810cc1c44965b5a5781e38ee7e65d95f2279ad49512299646dadf9e3e11c09c94c5ee06f3ddadf59ee24504fc02bfe205945807a2437,Counting Down to Christmas,Campsite Dream,Counting Down to Christmas,https://i.scdn.co/image/59f6e3cb8161dc64f3d67c0658713b777da4fe45,440.0,7.0998707,2.0152652,2.6254797,6.179226
133,6nCAuV8db9kn8S3TOlp5BA,0.543,0.339,A,-12.237,major,0.0253,0.397,1.4e-05,0.138,0.339,87.538,253333,4,A major,new_holiday_songs,https://mosaic.scdn.co/640/5f79f928a45b878579e1fffc9e4aefb362ca53fd939adaa29092810cc1c44965b5a5781e38ee7e65d95f2279ad49512299646dadf9e3e11c09c94c5ee06f3ddadf59ee24504fc02bfe205945807a2437,A Perfect Christmas,Jose Mari Chan,Christmas in Our Hearts,https://i.scdn.co/image/349276cbdfd8857b3975a8ddb956dc167e45d17c,440.0,-6.292294,-1.4496706,6.741059,7.52605
134,6PHydwtSLzGi9WJ3MyE50k,0.48,0.6,D,-6.859,major,0.0308,0.679,0.0,0.183,0.719,101.441,162067,3,D major,new_holiday_songs,https://mosaic.scdn.co/640/5f79f928a45b878579e1fffc9e4aefb362ca53fd939adaa29092810cc1c44965b5a5781e38ee7e65d95f2279ad49512299646dadf9e3e11c09c94c5ee06f3ddadf59ee24504fc02bfe205945807a2437,It's the Most Wonderful Time of the Year,Andy Williams,Christmas Hits,https://i.scdn.co/image/939adaa29092810cc1c44965b5a5781e38ee7e65,587.33,4.3258905,4.845746,4.3992662,3.9522288
135,6Sy0fYlJtIVYeCTiIj4RJc,0.686,0.359,D,-10.579,major,0.0363,0.535,0.0,0.337,0.683,89.997,198720,4,D major,new_holiday_songs,https://mosaic.scdn.co/640/5f79f928a45b878579e1fffc9e4aefb362ca53fd939adaa29092810cc1c44965b5a5781e38ee7e65d95f2279ad49512299646dadf9e3e11c09c94c5ee06f3ddadf59ee24504fc02bfe205945807a2437,Santa Baby,Samantha Jade,The Magic of Christmas,https://i.scdn.co/image/a09e468aba5b3e958b0dfe7846405d15af80e9f5,587.33,-0.59524065,6.836406,6.1382875,3.822391
136,6WYIjCIwAev1GOSUaGQJtW,0.591,0.708,C,-5.377,major,0.0398,0.167,0.000113,0.0993,0.36,115.111,229453,4,C major,new_holiday_songs,https://mosaic.scdn.co/640/5f79f928a45b878579e1fffc9e4aefb362ca53fd939adaa29092810cc1c44965b5a5781e38ee7e65d95f2279ad49512299646dadf9e3e11c09c94c5ee06f3ddadf59ee24504fc02bfe205945807a2437,Do They Know It's Christmas?,Band Aid,Top 50 Christmas Music,https://i.scdn.co/image/ee361ed71a3bd86d8f3ef89ac04085907a64a4ea,523.25,7.2155733,1.9108938,2.7642772,6.0400844
137,6XAdcAseYtijN0QUnQFsH2,0.605,0.664,C#,-8.95,major,0.0274,0.698,0.0,0.121,0.886,103.178,178720,4,C# major,new_holiday_songs,https://mosaic.scdn.co/640/5f79f928a45b878579e1fffc9e4aefb362ca53fd939adaa29092810cc1c44965b5a5781e38ee7e65d95f2279ad49512299646dadf9e3e11c09c94c5ee06f3ddadf59ee24504fc02bfe205945807a2437,Sleigh Ride,Johnny Mathis,Merry Christmas,https://i.scdn.co/image/b878b9e27201163be07e746657280ab24802839e,554.37,4.284976,4.750429,4.5051317,3.9357262
138,6Ydgbe9LUoGpbMXBUFDcek,0.55,0.302,D,-11.035,major,0.0268,0.282,2.59e-06,0.0962,0.317,84.816,218520,4,D major,new_holiday_songs,https://mosaic.scdn.co/640/5f79f928a45b878579e1fffc9e4aefb362ca53fd939adaa29092810cc1c44965b5a5781e38ee7e65d95f2279ad49512299646dadf9e3e11c09c94c5ee06f3ddadf59ee24504fc02bfe205945807a2437,I'll Be Home,Meghan Trainor,Christmas Hits,https://i.scdn.co/image/939adaa29092810cc1c44965b5a5781e38ee7e65,587.33,-6.942768,-0.9303059,7.2096763,7.059774
139,6yOzaZiBk4k4jSOYZcp4pm,0.507,0.724,F,-4.503,major,0.0433,0.0342,0.0,0.274,0.581,77.489,219160,4,F major,new_holiday_songs,https://mosaic.scdn.co/640/5f79f928a45b878579e1fffc9e4aefb362ca53fd939adaa29092810cc1c44965b5a5781e38ee7e65d95f2279ad49512299646dadf9e3e11c09c94c5ee06f3ddadf59ee24504fc02bfe205945807a2437,Christmas Every Day,David Archuleta,Winter in the Air,https://i.scdn.co/image/5ff064bd88c96868c8526bf6be85570da2fa33a9,698.46,6.8701525,0.883894,2.7448246,5.9766173
140,6ZDaRctHGLVCYY430vaAyT,0.205,0.188,G,-14.192,major,0.0393,0.774,1.3e-06,0.376,0.291,172.142,155200,5,G major,new_holiday_songs,https://mosaic.scdn.co/640/5f79f928a45b878579e1fffc9e4aefb362ca53fd939adaa29092810cc1c44965b5a5781e38ee7e65d95f2279ad49512299646dadf9e3e11c09c94c5ee06f3ddadf59ee24504fc02bfe205945807a2437,Have Yourself a Merry Little Christmas,Frank Sinatra,Christmas Songs By Sinatra,https://i.scdn.co/image/6cad0033aecb1e2cabd033100896a53598a96ccf,783.99,-5.056262,1.7716507,7.395171,6.1971726
141,74yQRKUunP1sRjnnMks4SG,0.404,0.475,F,-8.988,major,0.0536,0.717,0.0,0.0616,0.655,146.827,126200,4,F major,new_holiday_songs,https://mosaic.scdn.co/640/5f79f928a45b878579e1fffc9e4aefb362ca53fd939adaa29092810cc1c44965b5a5781e38ee7e65d95f2279ad49512299646dadf9e3e11c09c94c5ee06f3ddadf59ee24504fc02bfe205945807a2437,"Let It Snow, Let It Snow, Let It Snow",Kurt Nilsen,Have Yourself A Merry Little Christmas,https://i.scdn.co/image/513aff75d4c308b81b62d6020bf11e6a81dd6959,698.46,1.590034,7.7326355,4.7124133,3.51191
142,75clRtmtXSkZsPm6SjjQ5j,0.636,0.178,G,-12.179,minor,0.0656,0.663,0.0,0.0964,0.643,139.997,154827,4,G minor,new_holiday_songs,https://mosaic.scdn.co/640/5f79f928a45b878579e1fffc9e4aefb362ca53fd939adaa29092810cc1c44965b5a5781e38ee7e65d95f2279ad49512299646dadf9e3e11c09c94c5ee06f3ddadf59ee24504fc02bfe205945807a2437,Santa Claus Is Comin' to Town,Frank Sinatra,Christmas Songs By Sinatra,https://i.scdn.co/image/6cad0033aecb1e2cabd033100896a53598a96ccf,783.99,-2.014202,8.244096,6.7656565,3.1899414
143,75noDVUJaHjoYTYzO7eLS1,0.35,0.403,C,-9.57,major,0.0279,0.786,0.0,0.114,0.201,104.957,222160,3,C major,new_holiday_songs,https://mosaic.scdn.co/640/5f79f928a45b878579e1fffc9e4aefb362ca53fd939adaa29092810cc1c44965b5a5781e38ee7e65d95f2279ad49512299646dadf9e3e11c09c94c5ee06f3ddadf59ee24504fc02bfe205945807a2437,Ave Maria,Beyoncé,Christmas R&B,https://i.scdn.co/image/eac6c25a86aff46cd92fc024f656ec63d1f728dd,523.25,-5.710007,-0.37775216,7.021053,7.446305
144,77GcYr9JP6uvJM0kPa6Nzk,0.623,0.738,D#,-5.709,major,0.0281,0.18,0.0,0.146,0.874,152.066,152947,4,D# major,new_holiday_songs,https://mosaic.scdn.co/640/5f79f928a45b878579e1fffc9e4aefb362ca53fd939adaa29092810cc1c44965b5a5781e38ee7e65d95f2279ad49512299646dadf9e3e11c09c94c5ee06f3ddadf59ee24504fc02bfe205945807a2437,Jingle Bell Rock (Glee Cast Version),Glee Cast,"Glee: The Music, The Christmas Album Vol. 3",https://i.scdn.co/image/1aa6c2c3eaace3ad3e9c81cfc05433e71f38eebb,622.25,6.2359796,-1.0507907,3.4452696,4.5064826
145,77nF1t4qesuOJRd8lbIzNX,0.735,0.681,D,-6.195,major,0.0282,0.215,9.96e-06,0.411,0.948,107.671,262760,4,D major,new_holiday_songs,https://mosaic.scdn.co/640/5f79f928a45b878579e1fffc9e4aefb362ca53fd939adaa29092810cc1c44965b5a5781e38ee7e65d95f2279ad49512299646dadf9e3e11c09c94c5ee06f3ddadf59ee24504fc02bfe205945807a2437,Last Christmas,Wham!,Christmas Hits,https://i.scdn.co/image/939adaa29092810cc1c44965b5a5781e38ee7e65,587.33,5.5453634,0.5734476,3.3126085,6.548751
146,77pt4LRcJwf3iSF30dqEHr,0.557,0.726,A,-5.835,major,0.0508,0.444,1.5e-06,0.351,0.551,140.131,167233,4,A major,new_holiday_songs,https://mosaic.scdn.co/640/5f79f928a45b878579e1fffc9e4aefb362ca53fd939adaa29092810cc1c44965b5a5781e38ee7e65d95f2279ad49512299646dadf9e3e11c09c94c5ee06f3ddadf59ee24504fc02bfe205945807a2437,Jingle Bells,William Shatner,Shatner Claus,https://i.scdn.co/image/67bbe5a692e7b669e6556770b884cdf773a709c2,440.0,7.4092016,-0.23739159,3.3069737,5.036496
147,78nKXeLoOWkuCDVEGTLLFs,0.523,0.363,G,-14.525,major,0.0406,0.949,0.912,0.245,0.485,117.916,162213,4,G major,new_holiday_songs,https://mosaic.scdn.co/640/5f79f928a45b878579e1fffc9e4aefb362ca53fd939adaa29092810cc1c44965b5a5781e38ee7e65d95f2279ad49512299646dadf9e3e11c09c94c5ee06f3ddadf59ee24504fc02bfe205945807a2437,I Saw Three Ships,The Piano Guys,Christmas Together,https://i.scdn.co/image/f9890a307f1aac00eca2d0c80ed1b1ff6226aa32,783.99,-1.4525533,1.9302733,8.147799,4.3508964
148,7beYBowpIMDjpdfXi2GH4S,0.5,0.326,C#,-13.114,major,0.0467,0.612,0.0158,0.0966,0.16,78.058,176206,4,C# major,new_holiday_songs,https://mosaic.scdn.co/640/5f79f928a45b878579e1fffc9e4aefb362ca53fd939adaa29092810cc1c44965b5a5781e38ee7e65d95f2279ad49512299646dadf9e3e11c09c94c5ee06f3ddadf59ee24504fc02bfe205945807a2437,"The Christmas Song - Spotify Singles - Holiday, Recorded at Spotify Studios NYC",Wyclef Jean,"The Christmas Song (Spotify Singles - Holiday, Recorded at Spotify Studios NYC)",https://i.scdn.co/image/9a9a3b8ee91fade30b8f3c92682100cf32e5a0fb,554.37,-5.9767523,1.1103015,7.2645736,6.781429
149,7ciKlFkpcUTrkf4Wo4dwGr,0.465,0.0527,F#,-24.575,major,0.0475,0.992,0.91,0.139,0.0394,128.647,196688,5,F# major,new_holiday_songs,https://mosaic.scdn.co/640/5f79f928a45b878579e1fffc9e4aefb362ca53fd939adaa29092810cc1c44965b5a5781e38ee7e65d95f2279ad49512299646dadf9e3e11c09c94c5ee06f3ddadf59ee24504fc02bfe205945807a2437,Chestnuts Roasting on an Open Fire,Alexis Ffrench,Together At Last,https://i.scdn.co/image/dea7140098a59a26ab92c08269eb86ca60410f9c,739.99,-1.6598577,2.033838,8.121138,4.415493
150,7CX5iig2vgpkPLmkni8caW,0.396,0.514,G,-10.956,minor,0.0837,0.26,0.0,0.0877,0.28,87.957,197200,1,G minor,new_holiday_songs,https://mosaic.scdn.co/640/5f79f928a45b878579e1fffc9e4aefb362ca53fd939adaa29092810cc1c44965b5a5781e38ee7e65d95f2279ad49512299646dadf9e3e11c09c94c5ee06f3ddadf59ee24504fc02bfe205945807a2437,This Christmas,Chris Brown,Christmas Hits,https://i.scdn.co/image/939adaa29092810cc1c44965b5a5781e38ee7e65,783.99,-7.8663173,0.54610556,7.852784,7.231364
151,7F9oCEKbqjN99cV5HpvYER,0.586,0.32,C,-12.788,major,0.0289,0.637,0.00202,0.128,0.437,115.808,192459,4,C major,new_holiday_songs,https://mosaic.scdn.co/640/5f79f928a45b878579e1fffc9e4aefb362ca53fd939adaa29092810cc1c44965b5a5781e38ee7e65d95f2279ad49512299646dadf9e3e11c09c94c5ee06f3ddadf59ee24504fc02bfe205945807a2437,"White Christmas - Spotify Singles - Holiday, Recorded at Air Studios, London",George Ezra,"White Christmas (Spotify Singles - Holiday, Recorded at Air Studios, London)",https://i.scdn.co/image/7032df12af72718649ff2ef34dfe3d7edea4162f,523.25,-2.7403264,3.7106907,7.1243343,6.5093503
152,7fJ5UWPgluvIsZHcMPhapf,0.473,0.785,A#,-6.835,major,0.0275,0.0258,0.211,0.117,0.458,80.078,211264,4,A# major,new_holiday_songs,https://mosaic.scdn.co/640/5f79f928a45b878579e1fffc9e4aefb362ca53fd939adaa29092810cc1c44965b5a5781e38ee7e65d95f2279ad49512299646dadf9e3e11c09c94c5ee06f3ddadf59ee24504fc02bfe205945807a2437,Deck the Halls,Mannheim Steamroller,30/40,https://i.scdn.co/image/b0940615ddc51bb82bc493c15b7d273a8d1e4458,466.16,6.794377,2.3584654,2.5299566,6.1715546
153,7Fzm10UeEDemvzlYroQguL,0.42,0.828,F#,-5.871,major,0.107,0.359,0.0,0.0529,0.5,190.791,175213,4,F# major,new_holiday_songs,https://mosaic.scdn.co/640/5f79f928a45b878579e1fffc9e4aefb362ca53fd939adaa29092810cc1c44965b5a5781e38ee7e65d95f2279ad49512299646dadf9e3e11c09c94c5ee06f3ddadf59ee24504fc02bfe205945807a2437,Jingle Bells (Glee Cast Version),Glee Cast,"Glee: The Music, The Christmas Album",https://i.scdn.co/image/df267b94bd85aad9be2957f3e80886c1a72114f6,739.99,7.703448,-2.6054637,2.7360504,4.730892
154,7GNsHkiYPcQQjvhTiILFUL,0.317,0.78,F,-6.988,major,0.0504,0.748,2.18e-05,0.317,0.652,154.767,143133,4,F major,new_holiday_songs,https://mosaic.scdn.co/640/5f79f928a45b878579e1fffc9e4aefb362ca53fd939adaa29092810cc1c44965b5a5781e38ee7e65d95f2279ad49512299646dadf9e3e11c09c94c5ee06f3ddadf59ee24504fc02bfe205945807a2437,A Marshmallow World,Darlene Love,A Christmas Gift For You From Phil Spector,https://i.scdn.co/image/df9902b4e29a085db5b3fb511c1e2c78ffe60831,698.46,8.504819,-1.3445194,3.073305,4.6446385
155,7j6JmuVQokjHpDqqTFjHax,0.244,0.274,G#,-10.433,major,0.04,0.871,1.18e-05,0.0897,0.164,68.534,243133,4,G# major,new_holiday_songs,https://mosaic.scdn.co/640/5f79f928a45b878579e1fffc9e4aefb362ca53fd939adaa29092810cc1c44965b5a5781e38ee7e65d95f2279ad49512299646dadf9e3e11c09c94c5ee06f3ddadf59ee24504fc02bfe205945807a2437,Have Yourself a Merry Little Christmas,Christina Aguilera,Christmas Hits,https://i.scdn.co/image/939adaa29092810cc1c44965b5a5781e38ee7e65,830.61,-7.2143064,1.2329406,7.724783,7.124433
156,7JLIUosTKUWT5UWBlxUylt,0.728,0.726,G,-4.136,minor,0.0343,0.151,0.0,0.46,0.696,129.962,161467,4,G minor,new_holiday_songs,https://mosaic.scdn.co/640/5f79f928a45b878579e1fffc9e4aefb362ca53fd939adaa29092810cc1c44965b5a5781e38ee7e65d95f2279ad49512299646dadf9e3e11c09c94c5ee06f3ddadf59ee24504fc02bfe205945807a2437,You and Me and Christmas,LeAnn Rimes,"It's Christmas, Eve (Original Motion Picture Soundtrack)",https://i.scdn.co/image/7e19e15975bff563cfaba75d4f5aab9206549c6c,783.99,6.9405937,-1.0034494,3.0003185,4.908456
157,7klqcDdyk3laSiOtxNrygB,0.254,0.318,A#,-6.992,major,0.0312,0.355,0.0,0.109,0.2,114.636,210533,4,A# major,new_holiday_songs,https://mosaic.scdn.co/640/5f79f928a45b878579e1fffc9e4aefb362ca53fd939adaa29092810cc1c44965b5a5781e38ee7e65d95f2279ad49512299646dadf9e3e11c09c94c5ee06f3ddadf59ee24504fc02bfe205945807a2437,Where Are You Christmas?,Pentatonix,Christmas Is Here!,https://i.scdn.co/image/d95f2279ad49512299646dadf9e3e11c09c94c5e,466.16,-5.333427,-1.2903427,6.613952,7.378429
158,7l1S30HhTTY4rfkBZpc1Db,0.77,0.341,C,-12.457,major,0.0376,0.758,1.11e-06,0.112,0.849,89.324,103173,4,C major,new_holiday_songs,https://mosaic.scdn.co/640/5f79f928a45b878579e1fffc9e4aefb362ca53fd939adaa29092810cc1c44965b5a5781e38ee7e65d95f2279ad49512299646dadf9e3e11c09c94c5ee06f3ddadf59ee24504fc02bfe205945807a2437,Rudolph the Red Nosed Reindeer,John Denver,Christmas Hits,https://i.scdn.co/image/939adaa29092810cc1c44965b5a5781e38ee7e65,523.25,-0.053238332,6.3096642,5.695331,3.6777644
159,7Lbxvt42JsNSKVCaN63qhD,0.774,0.511,B,-8.914,major,0.0319,0.322,0.0,0.0672,0.771,94.736,227653,4,B major,new_holiday_songs,https://mosaic.scdn.co/640/5f79f928a45b878579e1fffc9e4aefb362ca53fd939adaa29092810cc1c44965b5a5781e38ee7e65d95f2279ad49512299646dadf9e3e11c09c94c5ee06f3ddadf59ee24504fc02bfe205945807a2437,Wonderful Christmastime [Edited Version] - Remastered 2011 / Edited Version,Paul McCartney,McCartney II (Special Edition),https://i.scdn.co/image/a59feeb9c675194eb86e2816c494f4082ccd53d4,493.88,5.759289,3.562256,3.5994961,5.9017587
160,7n5m8nDAnyXo81tr4B3Bcw,0.398,0.879,G,-7.584,major,0.0585,0.228,0.0,0.408,0.564,72.212,136307,4,G major,new_holiday_songs,https://mosaic.scdn.co/640/5f79f928a45b878579e1fffc9e4aefb362ca53fd939adaa29092810cc1c44965b5a5781e38ee7e65d95f2279ad49512299646dadf9e3e11c09c94c5ee06f3ddadf59ee24504fc02bfe205945807a2437,Frosty the Snowman,The Ronettes,A Christmas Gift For You From Phil Spector,https://i.scdn.co/image/df9902b4e29a085db5b3fb511c1e2c78ffe60831,783.99,8.351303,0.04294506,2.8266199,5.3263397
161,7n7VsX3sv66znBwA8b5uhp,0.573,0.235,D,-16.982,major,0.0426,0.968,0.0198,0.105,0.834,79.578,115827,4,D major,new_holiday_songs,https://mosaic.scdn.co/640/5f79f928a45b878579e1fffc9e4aefb362ca53fd939adaa29092810cc1c44965b5a5781e38ee7e65d95f2279ad49512299646dadf9e3e11c09c94c5ee06f3ddadf59ee24504fc02bfe205945807a2437,Here Comes Santa Claus (Right Down Santa Claus Lane),Elvis Presley,Elvis' Christmas Album,https://i.scdn.co/image/d8ec333974abb5987719025a55a7395a22becb79,587.33,-1.648072,5.7125735,6.6670027,4.2777886
162,7qbxIWpDjAZH84BfhoJlKS,0.343,0.76,D#,-7.146,major,0.0513,0.392,0.000388,0.0773,0.356,126.322,166453,4,D# major,new_holiday_songs,https://mosaic.scdn.co/640/5f79f928a45b878579e1fffc9e4aefb362ca53fd939adaa29092810cc1c44965b5a5781e38ee7e65d95f2279ad49512299646dadf9e3e11c09c94c5ee06f3ddadf59ee24504fc02bfe205945807a2437,Christmas (Baby Please Come Home),Darlene Love,Christmas Hits,https://i.scdn.co/image/939adaa29092810cc1c44965b5a5781e38ee7e65,622.25,8.52521,-2.2508287,2.6534,5.0385957
163,7qtBirjfexEIOK3xuqYLR3,0.572,0.895,F,-2.654,major,0.0644,0.0134,0.0,0.216,0.922,145.008,147987,4,F major,new_holiday_songs,https://mosaic.scdn.co/640/5f79f928a45b878579e1fffc9e4aefb362ca53fd939adaa29092810cc1c44965b5a5781e38ee7e65d95f2279ad49512299646dadf9e3e11c09c94c5ee06f3ddadf59ee24504fc02bfe205945807a2437,Run Run Rudolph,Kelly Clarkson,Wrapped In Red,https://i.scdn.co/image/df6a48dc94245be056b35262606c7adfd1821b99,698.46,6.478347,-1.3515021,3.1647704,4.742123
164,7rrVN7f83kwaz2sGxoFnJY,0.57,0.292,F,-14.408,major,0.0293,0.841,0.0,0.137,0.399,72.534,207000,4,F major,new_holiday_songs,https://mosaic.scdn.co/640/5f79f928a45b878579e1fffc9e4aefb362ca53fd939adaa29092810cc1c44965b5a5781e38ee7e65d95f2279ad49512299646dadf9e3e11c09c94c5ee06f3ddadf59ee24504fc02bfe205945807a2437,Christmas in Our Hearts,Jose Mari Chan,Christmas in Our Hearts,https://i.scdn.co/image/349276cbdfd8857b3975a8ddb956dc167e45d17c,698.46,-3.242533,4.0637493,7.430424,6.548957
165,7t5i1MPAiJZcVRpzQtzzo6,0.838,0.346,G,-8.406,major,0.0471,0.827,0.0111,0.213,0.93,113.988,155347,4,G major,new_holiday_songs,https://mosaic.scdn.co/640/5f79f928a45b878579e1fffc9e4aefb362ca53fd939adaa29092810cc1c44965b5a5781e38ee7e65d95f2279ad49512299646dadf9e3e11c09c94c5ee06f3ddadf59ee24504fc02bfe205945807a2437,I Want a Hippopotamus for Christmas (Hippo the Hero),Gayla Peevey,Christmas Hits,https://i.scdn.co/image/939adaa29092810cc1c44965b5a5781e38ee7e65,783.99,-0.6268522,7.798587,6.186789,3.2812805
166,7uVnnj80WNEu02JQ3BA3HJ,0.35,0.377,D#,-11.658,major,0.034,0.353,0.0,0.19,0.277,124.559,222760,4,D# major,new_holiday_songs,https://mosaic.scdn.co/640/5f79f928a45b878579e1fffc9e4aefb362ca53fd939adaa29092810cc1c44965b5a5781e38ee7e65d95f2279ad49512299646dadf9e3e11c09c94c5ee06f3ddadf59ee24504fc02bfe205945807a2437,When a Child Is Born,Johnny Mathis,Christmas Hits,https://i.scdn.co/image/939adaa29092810cc1c44965b5a5781e38ee7e65,622.25,-6.691239,-0.074160725,7.121065,7.3041306
167,7xQmVmSfCt4LD9H2uFoWOO,0.496,0.74,D,-11.317,major,0.0386,0.558,0.0,0.404,0.97,148.863,182400,4,D major,new_holiday_songs,https://mosaic.scdn.co/640/5f79f928a45b878579e1fffc9e4aefb362ca53fd939adaa29092810cc1c44965b5a5781e38ee7e65d95f2279ad49512299646dadf9e3e11c09c94c5ee06f3ddadf59ee24504fc02bfe205945807a2437,Feliz Navidad,José Feliciano,Christmas Hits,https://i.scdn.co/image/939adaa29092810cc1c44965b5a5781e38ee7e65,587.33,8.076483,-0.74805987,3.3472168,4.8512473
